,source,name,TMPRSS2_predicted_acvalue(log10),KLKB1_predicted_acvalue(log10),TMPRSS2_RMSE,KLKB1_RMSE
10513,drugbank,ANTIPAIN,-0.9106051840863425,-2.7130062721568557,0.7165346162436292,1.1378550096985516
13030,broad,CETRORELIX,-0.3996400529346676,-2.6989700043360187,0.7165346162436292,1.1378550096985516
10855,reframe,TO-195,-0.9028650300829807,-2.6923230325173386,0.7165346162436292,1.1378550096985516
8904,drugbank,ETELCALCETIDE,-1.00923015308214,-2.611458331108691,0.7165346162436292,1.1378550096985516
11866,broad,ASYMMETRICAL-DIMETHYLARGININE,-1.0652397269451426,-2.504180484363106,0.7165346162436292,1.1378550096985516
3242,drugbank,CRA_9785,-0.08121832750679499,-2.4418734024855597,0.7165346162436292,1.1378550096985516
16203,broad,LISINOPRIL,-0.4379506300579194,-2.441830609929547,0.7165346162436292,1.1378550096985516
3287,drugbank,CRA_1144,0.279876133855837,-2.441830609929547,0.7165346162436292,1.1378550096985516
12070,broad,BACITRACIN-ZINC,-1.5668643923243644,-2.2833890496125906,0.7165346162436292,1.1378550096985516
10324,drugbank,MOTIXAFORTIDE,-0.5955218789041571,-2.250331524447826,0.7165346162436292,1.1378550096985516
19603,broad,SUBSTANCE-P,-1.5606269756911433,-2.2062456126227463,0.7165346162436292,1.1378550096985516
10095,drugbank,DOTATATE,-2.694256907057076,-2.175738371148798,0.7165346162436292,1.1378550096985516
8665,drugbank,EC-17,-0.6423103802895931,-2.1695531995897857,0.7165346162436292,1.1378550096985516
19747,broad,TACROLIMUS,0.1277227553533191,-2.1695531995897857,0.7165346162436292,1.1378550096985516
11765,broad,AR-12,0.2619472678527431,-2.1695161882985583,0.7165346162436292,1.1378550096985516
7970,drugbank,ANGIOTENSIN 1-7,-1.8099676009554164,-2.1669706420077333,0.7165346162436292,1.1378550096985516
7322,drugbank,SINCALIDE,-2.0666647589774088,-2.1244732626161595,0.7165346162436292,1.1378550096985516
6756,drugbank,3-({4-[(6-CHLORO-1-BENZOTHIEN-2-YL)SULFONYL]-2-OXOPIPERAZIN-1-YL}METHYL)BENZENECARBOXIMIDAMIDE,-1.621685288761335,-2.106839322694969,0.7165346162436292,1.1378550096985516
531,drugbank,GONADORELIN,-2.4063123669236175,-2.086935694914518,0.7165346162436292,1.1378550096985516
1143,drugbank,TETRACOSACTIDE,-2.76112296193329,-2.063543716410558,0.7165346162436292,1.1378550096985516
15263,broad,GUANIDINOETHYLDISULFIDE-BICARBONATE,-2.3163147534781277,-2.0630305420545207,0.7165346162436292,1.1378550096985516
14747,broad,FK-33-824,-2.5864204013220826,-1.9445482669239216,0.7165346162436292,1.1378550096985516
553,drugbank,NAFARELIN,-2.2974981494613087,-1.9333017563427426,0.7165346162436292,1.1378550096985516
3841,drugbank,N2-({[(4-BROMOPHENYL)METHYL]OXY}CARBONYL)-N1-[(1S)-1-FORMYLPENTYL]-L-LEUCINAMIDE,-1.172521553842639,-1.9257893451005408,0.7165346162436292,1.1378550096985516
17899,broad,PENTAMIDINE,0.18956790918604602,-1.918959389367646,0.7165346162436292,1.1378550096985516
5192,drugbank,6-CARBAMIMIDOYL-2-[2-HYDROXY-5-(3-METHOXY-PHENYL)-INDAN-1-YL]-HEXANOIC ACID,-1.8946189699074092,-1.9111590636954947,0.7165346162436292,1.1378550096985516
12067,broad,BACITRACIN,-1.5689898297250324,-1.8753804474500453,0.7165346162436292,1.1378550096985516
2836,drugbank,"D-MYO-INOSITOL-1,4-BISPHOSPHATE",-0.022790376074518923,-1.8730526244439774,0.7165346162436292,1.1378550096985516
15873,broad,KB-R7943,-0.41466136459023933,-1.871213053965288,0.7165346162436292,1.1378550096985516
10823,reframe,JTV-803,-0.3907961143566533,-1.8636108981269905,0.7165346162436292,1.1378550096985516
108,drugbank,REMIKIREN,-0.5897759131788283,-1.8636108981269905,0.7165346162436292,1.1378550096985516
8762,drugbank,RELAMORELIN,-2.151875450511387,-1.8627497321428919,0.7165346162436292,1.1378550096985516
8315,drugbank,LORLATINIB,-0.7351784998606922,-1.8559870043953723,0.7165346162436292,1.1378550096985516
10824,reframe,LB-30870,-0.15851749716859675,-1.8318595964565303,0.7165346162436292,1.1378550096985516
10763,reframe,RAZAXABAN ,-1.861124971979576,-1.8141006348881281,0.7165346162436292,1.1378550096985516
17913,broad,PERAMIVIR,-0.6016515930084883,-1.7978241816351819,0.7165346162436292,1.1378550096985516
17613,broad,ORPHANIN-FQ,-2.892715934413967,-1.7867103924297478,0.7165346162436292,1.1378550096985516
10289,drugbank,PF-04620110,0.3341499427633281,-1.7867022894046993,0.7165346162436292,1.1378550096985516
8071,drugbank,PZ-128,-1.3451026252045617,-1.7364280304566624,0.7165346162436292,1.1378550096985516
6167,drugbank,5-CHLORO-N-[(3R)-1-(2-{[2-FLUORO-4-(2-OXOPYRIDIN-1(2H)-YL)PHENYL]AMINO}-2-OXOETHYL)PYRROLIDIN-3-YL]THIOPHENE-2-CARBOXAMIDE,0.6263453024295833,-1.7363356507212362,0.7165346162436292,1.1378550096985516
10295,drugbank,SELITRECTINIB,0.5922189623365733,-1.7363356507212362,0.7165346162436292,1.1378550096985516
1841,drugbank,CRA_17312,0.476922355494202,-1.7363356507212362,0.7165346162436292,1.1378550096985516
20508,broad,U-75799E,-2.9299552003240708,-1.7363356507212362,0.7165346162436292,1.1378550096985516
3624,drugbank,{4-[(2S)-2-ACETAMIDO-3-({(1S)-1-[3-CARBAMOYL-4-(CYCLOHEXYLMETHOXY)PHENYL]ETHYL}AMINO)-3-OXOPROPYL]-2-PHOSPHONOPHENOXY}ACETIC ACID,-1.4358688318101818,-1.7362019828180602,0.7165346162436292,1.1378550096985516
2766,drugbank,6-[(Z)-AMINO(IMINO)METHYL]-N-[4-(AMINOMETHYL)PHENYL]-4-(PYRIMIDIN-2-YLAMINO)-2-NAPHTHAMIDE,-1.5988264056099684,-1.7059014394751,0.7165346162436292,1.1378550096985516
10862,reframe,UPAMOSTAT,-0.6787873409299625,-1.7034458989560881,0.7165346162436292,1.1378550096985516
2282,drugbank,PHOSPHORAMIDON,-2.512536489266421,-1.6710980267383821,0.7165346162436292,1.1378550096985516
8044,drugbank,ETARFOLATIDE,-2.633206287927582,-1.670379204242555,0.7165346162436292,1.1378550096985516
4012,drugbank,RPR128515,-1.9603085168041425,-1.6701323269666326,0.7165346162436292,1.1378550096985516
9808,drugbank,SEMAGLUTIDE,-2.811845336252009,-1.6698903039029471,0.7165346162436292,1.1378550096985516
6517,drugbank,"[5-(5-AMINO-1H-PYRROLO[3,2-B]PYRIDIN-2-YL)-6-HYDROXY-3'-NITRO-3-BIPHENYLYL]ACETIC ACID",-0.7751242609495178,-1.655574953004398,0.7165346162436292,1.1378550096985516
12704,broad,CAMOSTAT-MESILATE,-0.9225722630757275,-1.6415163787107505,0.7165346162436292,1.1378550096985516
11504,broad,AMBAZONE,-0.8532163649791835,-1.6178965613023026,0.7165346162436292,1.1378550096985516
4521,drugbank,OBINEPITIDE,-0.31689879798512754,-1.6178965613023026,0.7165346162436292,1.1378550096985516
10859,reframe,RPR-128515,-1.9603085168041425,-1.61689027816219,0.7165346162436292,1.1378550096985516
3494,drugbank,6-CHLORO-2-(2-HYDROXY-BIPHENYL-3-YL)-1H-INDOLE-5-CARBOXAMIDINE,0.3017519815962939,-1.6040483815453053,0.7165346162436292,1.1378550096985516
10983,broad,3-ANILINOPROPAN-1-OL,0.3034729476561691,-1.6040483815453053,0.7165346162436292,1.1378550096985516
18332,broad,PP242,-1.067408932105281,-1.572052160964321,0.7165346162436292,1.1378550096985516
1,drugbank,LEUPROLIDE,-2.1736619063098064,-1.5645894391690676,0.7165346162436292,1.1378550096985516
5400,drugbank,6-[(Z)-AMINO(IMINO)METHYL]-N-[3-(CYCLOPENTYLOXY)PHENYL]-2-NAPHTHAMIDE,-0.3372283441279314,-1.4739005621913788,0.7165346162436292,1.1378550096985516
8817,drugbank,LTX-315,-2.948165929706928,-1.4640696738722967,0.7165346162436292,1.1378550096985516
13986,broad,DIMINAZENE-ACETURATE,-0.42476735934539017,-1.4624040741869186,0.7165346162436292,1.1378550096985516
4168,drugbank,(2R)-({4-[AMINO(IMINO)METHYL]PHENYL}AMINO){5-ETHOXY-2-FLUORO-3-[(3R)-TETRAHYDROFURAN-3-YLOXY]PHENYL}ACETICACID,-0.5905043880168729,-1.4624040741869186,0.7165346162436292,1.1378550096985516
9545,drugbank,MIFAMURTIDE,-2.072270243730673,-1.434900276429953,0.7165346162436292,1.1378550096985516
10470,drugbank,COTADUTIDE,-2.8115841779691197,-1.432578263683441,0.7165346162436292,1.1378550096985516
5415,drugbank,(S)-N-(4-CARBAMIMIDOYLBENZYL)-1-(2-(CYCLOHEXYLOXY)ETHANOYL)PYRROLIDINE-2-CARBOXAMIDE,-0.4291486282208278,-1.429494011583111,0.7165346162436292,1.1378550096985516
4828,drugbank,RIVAROXABAN,0.6501547269959728,-1.4258082747705987,0.7165346162436292,1.1378550096985516
10231,drugbank,NEROFE,-0.5548642051411412,-1.3981557776869271,0.7165346162436292,1.1378550096985516
684,drugbank,COLISTIN,-1.5744259565206284,-1.373853433423298,0.7165346162436292,1.1378550096985516
14322,broad,ENALAPRILAT,-0.5239641605320077,-1.3085678113468886,0.7165346162436292,1.1378550096985516
9157,drugbank,PLECANATIDE,-3.064553821627997,-1.2892423689554808,0.7165346162436292,1.1378550096985516
3823,drugbank,CRA_9076,0.21203838827056637,-1.2892423689554808,0.7165346162436292,1.1378550096985516
3904,drugbank,BIS(5-AMIDINO-2-BENZIMIDAZOLYL)METHANE KETONE HYDRATE,0.21772754506150105,-1.2892423689554808,0.7165346162436292,1.1378550096985516
10458,drugbank,EVOBRUTINIB,-0.9415529880762163,-1.281597958234594,0.7165346162436292,1.1378550096985516
4337,drugbank,N-[1-(4-CARBAMIMIDOYL-BENZYLCARBAMOYL)-3-METHYLSULFANYL-PROPYL]-3-HYDROXY-2-PROPOXYAMINO-BUTYRAMID,-0.7534111983463773,-1.2594650935472471,0.7165346162436292,1.1378550096985516
14206,broad,E-64,-1.1008073822212276,-1.2546727945462377,0.7165346162436292,1.1378550096985516
5717,drugbank,1-ETHOXYCARBONYL-D-PHE-PRO-2(4-AMINOBUTYL)HYDRAZINE,-0.5179930189286268,-1.2314121013005164,0.7165346162436292,1.1378550096985516
2743,drugbank,2-AMINOBENZYL ALCOHOL,-0.2307906916594462,-1.2248805347956284,0.7165346162436292,1.1378550096985516
4223,drugbank,TETRAHEDRAL INTERMEDIATE OF BLASTICIDIN S,-0.4772164333763854,-1.2248805347956284,0.7165346162436292,1.1378550096985516
5125,drugbank,HISTRELIN,-1.5178002070956478,-1.2245892244559566,0.7165346162436292,1.1378550096985516
4363,drugbank,"1,4:3,6-DIANHYDRO-2-O-(3-CARBAMIMIDOYLPHENYL)-5-O-(4-CARBAMIMIDOYLPHENYL)-D-GLUCITOL",-0.13605615846034938,-1.170055239080361,0.7165346162436292,1.1378550096985516
3206,drugbank,CRA_11092,-0.4267304079078879,-1.1523631924196027,0.7165346162436292,1.1378550096985516
12380,broad,BIVALIRUDIN,-1.3398780397359875,-1.1431890706746555,0.7165346162436292,1.1378550096985516
6526,drugbank,4-(6-CYCLOHEXYLMETHOXY-9H-PURIN-2-YLAMINO)--BENZAMIDE,-0.40444199269781345,-1.1431890706746555,0.7165346162436292,1.1378550096985516
5620,drugbank,4-METHYL-PENTANOIC ACID {1-[4-GUANIDINO-1-(THIAZOLE-2-CARBONYL)-BUTYLCARBAMOYL]-2-METHYL-PROPYL}-AMIDE,-2.2074846889962596,-1.1092606960591305,0.7165346162436292,1.1378550096985516
8735,drugbank,NONA-ARGININE,-0.8506720389737956,-1.0698657279489,0.7165346162436292,1.1378550096985516
10590,drugbank,TOZULERISTIDE,-0.6823763975721253,-1.0516651959332246,0.7165346162436292,1.1378550096985516
10802,reframe,TALABOSTAT,-0.14963936296435343,-1.0516651959332246,0.7165346162436292,1.1378550096985516
10870,reframe,GR-144053,-0.13215046516043943,-1.0460296547925652,0.7165346162436292,1.1378550096985516
1748,drugbank,N-ACETYL-L-ARGININE,-1.1303455633508908,-1.031236430443068,0.7165346162436292,1.1378550096985516
2039,drugbank,ARGININEAMIDE,-0.8456989974528191,-1.0081972910925665,0.7165346162436292,1.1378550096985516
11564,broad,AMINOGUANIDINE,-0.496497349955034,-0.979052240379962,0.7165346162436292,1.1378550096985516
4739,drugbank,PPL-100,-0.8971514107453741,-0.973414483794913,0.7165346162436292,1.1378550096985516
14294,broad,ELUXADOLINE,0.05499151295094977,-0.9733018806094946,0.7165346162436292,1.1378550096985516
1652,drugbank,(S)-2-{METHYL-[2-(NAPHTHALENE-2-SULFONYLAMINO)-5-(NAPHTHALENE-2-SULFONYLOXY)-BENZOYL]-AMINO}-SUCCINICACID,0.054073590015233514,-0.9733018806094946,0.7165346162436292,1.1378550096985516
10074,drugbank,ZINC CATION,-0.43653066077176955,-0.9705547738012389,0.7165346162436292,1.1378550096985516
2307,drugbank,4-(HYDROXYMETHYL)BENZAMIDINE,-0.532268118792901,-0.9592663515470847,0.7165346162436292,1.1378550096985516
15505,broad,ICATIBANT-ACETATE,-1.418718838933398,-0.9442610321032423,0.7165346162436292,1.1378550096985516
5170,drugbank,"[(2R)-1-[(2S)-2-[[(2S,3S)-1-CHLORO-6-(DIAMINOMETHYLIDENEAMINO)-2-HYDROXYHEXAN-3-YL]CARBAMOYL]PYRROLIDIN-1-YL]-1-OXO-3-PHENYLPROPAN-2-YL]AZANIUM",-1.542586893295053,-0.9363363826085828,0.7165346162436292,1.1378550096985516
16393,broad,M-THP,0.09503375062603898,-0.9204871681457832,0.7165346162436292,1.1378550096985516
3949,drugbank,ARGADIN,-0.7481813265881306,-0.920481878644523,0.7165346162436292,1.1378550096985516
4614,drugbank,ABT-510,-2.559035490652415,-0.9196970742129575,0.7165346162436292,1.1378550096985516
10764,reframe,MELAGATRAN,-0.35355327727790836,-0.9003084746093133,0.7165346162436292,1.1378550096985516
2837,drugbank,CRA_8696,0.3535521872542955,-0.8812381010346272,0.7165346162436292,1.1378550096985516
8067,drugbank,INDIUM IN-111 PENTETREOTIDE,-2.9057434973763505,-0.8812381010346272,0.7165346162436292,1.1378550096985516
5550,drugbank,"3-{5-[AMINO(IMINIO)METHYL]-1H-INDOL-2-YL}-5-METHOXY-1,1'-BIPHENYL-2-OLATE",0.3672736631886388,-0.8812381010346272,0.7165346162436292,1.1378550096985516
2194,drugbank,2-(2-HYDROXY-PHENYL)-1H-INDOLE-5-CARBOXAMIDINE,0.3471280128219319,-0.8812381010346272,0.7165346162436292,1.1378550096985516
6143,drugbank,5-CHLORO-N-{(3S)-1-[(2S)-1-(4-MORPHOLINYL)-1-OXO-2-PROPANYL]-2-OXO-3-PYRROLIDINYL}-1H-INDOLE-2-SULFONAMIDE,-0.9619042939508138,-0.8664415656621892,0.7165346162436292,1.1378550096985516
15985,broad,L-ARGININE,-1.135035523901449,-0.8603525814626897,0.7165346162436292,1.1378550096985516
17192,broad,NG-NITRO-ARGININE,-1.138911119669561,-0.8511112698440225,0.7165346162436292,1.1378550096985516
3050,drugbank,CP-320626,-2.0543203285136062,-0.8248603218707291,0.7165346162436292,1.1378550096985516
15211,broad,GSK2334470,-0.8167939314718009,-0.8089824328442929,0.7165346162436292,1.1378550096985516
1610,drugbank,CANAVANINE,-0.6264995155944818,-0.8039799849660861,0.7165346162436292,1.1378550096985516
5986,drugbank,"(9S,12S)-9-(1-METHYLETHYL)-7,10-DIOXO-2-OXA-8,11-DIAZABICYCLO[12.2.2]OCTADECA-1(16),14,17-TRIENE-12-CARBOXYLIC ACID",0.14879866505413247,-0.7955704537603465,0.7165346162436292,1.1378550096985516
10364,drugbank,GO-203-2C,-1.0176041678972811,-0.7806851227923058,0.7165346162436292,1.1378550096985516
4963,drugbank,PAFURAMIDINE,0.14519371288192456,-0.7802565379898869,0.7165346162436292,1.1378550096985516
20787,broad,WAY-161503,-0.47537355383482405,-0.7701088202465036,0.7165346162436292,1.1378550096985516
14146,broad,DPC-681,-0.7578325193672708,-0.7673291065590919,0.7165346162436292,1.1378550096985516
17897,broad,PENTAGASTRIN,-1.9611091116771853,-0.7361725073360854,0.7165346162436292,1.1378550096985516
10524,drugbank,EDRATIDE,-1.0898560888299509,-0.7259039053352063,0.7165346162436292,1.1378550096985516
11386,broad,ALARELIN,-2.2266338717987746,-0.7118099444728764,0.7165346162436292,1.1378550096985516
7105,drugbank,TESAMORELIN,-2.1474505900691874,-0.7107020495038161,0.7165346162436292,1.1378550096985516
10795,reframe,APIXABAN,-0.905761165221097,-0.6672021287328599,0.7165346162436292,1.1378550096985516
10814,reframe,BMS-262084,-1.5308395563209316,-0.6351766940804808,0.7165346162436292,1.1378550096985516
7819,drugbank,AMPHOMYCIN,-1.032478228525207,-0.6212392294444566,0.7165346162436292,1.1378550096985516
3629,drugbank,ZINC;[AMINO-[2-[[5-[AMINO(AZANIUMYLIDENE)METHYL]BENZIMIDAZOL-1-ID-2-YL]METHYL]BENZIMIDAZOL-1-ID-5-YL]METHYLIDENE]AZANIUM,0.13838941614596426,-0.6182771265736051,0.7165346162436292,1.1378550096985516
10818,reframe,NOKXABAN,0.39781736977499604,-0.6137881943056372,0.7165346162436292,1.1378550096985516
7893,drugbank,DEPREOTIDE,-2.9372082642005415,-0.6092983642871026,0.7165346162436292,1.1378550096985516
173,drugbank,ARGATROBAN,-0.5117628813487424,-0.5835867022830101,0.7165346162436292,1.1378550096985516
5513,drugbank,3-CYCLOHEXYL-D-ALANYL-N-(3-CHLOROBENZYL)-L-PROLINAMIDE,-0.392581611378914,-0.5450277091868598,0.7165346162436292,1.1378550096985516
5244,drugbank,D-PHENYLALANYL-N-(3-CHLOROBENZYL)-L-PROLINAMIDE,-0.04113548715149922,-0.5388871660594067,0.7165346162436292,1.1378550096985516
6050,drugbank,2-ACETYLAMINO-4-METHYL-PENTANOIC ACID (1-FORMYL-2-PHENYL-ETHYL)-AMIDE,-1.0499879485161385,-0.5323318198107394,0.7165346162436292,1.1378550096985516
5104,drugbank,SARALASIN,-2.859994908400992,-0.5119213179118817,0.7165346162436292,1.1378550096985516
5122,drugbank,GANIRELIX,-1.6674447643869101,-0.5084283822619866,0.7165346162436292,1.1378550096985516
12832,broad,CATHEPSIN-INHIBITOR-1,-2.1761162804831153,-0.498387827351604,0.7165346162436292,1.1378550096985516
5641,drugbank,"4-(6-{[(4-METHYLCYCLOHEXYL)AMINO]METHYL}-1,4-DIHYDROINDENO[1,2-C]PYRAZOL-3-YL)BENZOIC ACID",-0.33214929779343727,-0.4774722650681384,0.7165346162436292,1.1378550096985516
1549,drugbank,HEMI-BABIM,0.26205578320287853,-0.4681751714345851,0.7165346162436292,1.1378550096985516
4808,drugbank,ICATIBANT,-1.418718838933398,-0.43569880692074947,0.7165346162436292,1.1378550096985516
5504,drugbank,"4'-[(1R)-1-AMINO-2-(2,5-DIFLUOROPHENYL)ETHYL]BIPHENYL-3-CARBOXAMIDE",-1.2135790506879283,-0.4182273786518301,0.7165346162436292,1.1378550096985516
14179,broad,DU-728,-0.634307083323993,-0.386204483592493,0.7165346162436292,1.1378550096985516
20471,broad,TXA127,-1.484698221691619,-0.38007047276562445,0.7165346162436292,1.1378550096985516
5267,drugbank,N-(4-CARBAMIMIDOYLBENZYL)-1-(3-PHENYLPROPANOYL)-L-PROLINAMIDE,-0.3764317515689138,-0.37943643215312783,0.7165346162436292,1.1378550096985516
10838,reframe,DMP-802,-0.1879281672455482,-0.37870876432886336,0.7165346162436292,1.1378550096985516
18413,broad,PRIRALFINAMIDE,-0.7743447649435452,-0.37870876432886336,0.7165346162436292,1.1378550096985516
16074,broad,LEDIPASVIR,-2.199854728932144,-0.37443964203003055,0.7165346162436292,1.1378550096985516
15136,broad,GOSERELIN-ACETATE,-2.220120588548021,-0.36051351073141397,0.7165346162436292,1.1378550096985516
10843,reframe,WX-UK1,-0.36974010172096644,-0.3498761870318543,0.7165346162436292,1.1378550096985516
18171,broad,PIMECROLIMUS,0.42440864199374123,-0.3301941217172389,0.7165346162436292,1.1378550096985516
10211,drugbank,HYDROXYSTILBAMIDINE,-0.202315191659453,-0.3296671674550315,0.7165346162436292,1.1378550096985516
13715,broad,DAPTOMYCIN,-2.9294485644709787,-0.3296671674550315,0.7165346162436292,1.1378550096985516
3283,drugbank,1-GUANIDINIUM-7-AMINOHEPTANE,-1.384274642850687,-0.32960175159951016,0.7165346162436292,1.1378550096985516
4722,drugbank,CILUPREVIR,-1.9172886950690116,-0.30162513906262134,0.7165346162436292,1.1378550096985516
12743,broad,CAPTOPRIL,0.0273736529564452,-0.28865542029713875,0.7165346162436292,1.1378550096985516
5236,drugbank,D-LEUCYL-N-(3-CHLOROBENZYL)-L-PROLINAMIDE,0.02805602231929392,-0.28865542029713875,0.7165346162436292,1.1378550096985516
3919,drugbank,NÎ‘-[(2S)-2-{[(S)-[(1S)-1-{[(BENZYLOXY)CARBONYL]AMINO}-2-PHENYLETHYL](HYDROXY)PHOSPHORYL]METHYL}-5-PHENYLPENTANOYL]-L-TRYPTOPHANAMIDE,-2.347212056834026,-0.28865542029713875,0.7165346162436292,1.1378550096985516
9534,drugbank,GUANAZODINE,-0.2551166141908714,-0.28742845529491234,0.7165346162436292,1.1378550096985516
10820,reframe,DX-9065A,-0.25679203387797656,-0.28742845529491234,0.7165346162436292,1.1378550096985516
10807,reframe,FRADAFIBAN,-0.2527481698281021,-0.28742845529491234,0.7165346162436292,1.1378550096985516
10841,reframe,UNKNOWN0,0.008515586423179854,-0.24419535449821297,0.7165346162436292,1.1378550096985516
2851,drugbank,CRA_10433,-0.08140486727505769,-0.2438497101953968,0.7165346162436292,1.1378550096985516
10585,drugbank,SOR-C13,-1.5961375054947506,-0.23731357236537814,0.7165346162436292,1.1378550096985516
5272,drugbank,1-[(2R)-2-AMINOBUTANOYL]-N-(4-CARBAMIMIDOYLBENZYL)-L-PROLINAMIDE,-0.37707338997773987,-0.23425525548329104,0.7165346162436292,1.1378550096985516
3254,drugbank,DIMINAZENE,-0.42476735934539017,-0.23191757090051177,0.7165346162436292,1.1378550096985516
11894,broad,ATN-161,-1.379397656914283,-0.23191757090051177,0.7165346162436292,1.1378550096985516
3,drugbank,GRAMICIDIN D,-2.214221885435962,-0.2201965900419645,0.7165346162436292,1.1378550096985516
12347,broad,BIPENAMOL,0.07112696200101601,-0.20668192912789599,0.7165346162436292,1.1378550096985516
2928,drugbank,RWJ-51084,-3.0035302526648993,-0.20529276632237753,0.7165346162436292,1.1378550096985516
15490,broad,IBUTAMOREN,-0.582035914865085,-0.19870688328099154,0.7165346162436292,1.1378550096985516
1139,drugbank,PRAMLINTIDE,-2.9972569065412014,-0.18937175475527732,0.7165346162436292,1.1378550096985516
3276,drugbank,ARGIFIN,-0.5695581482155362,-0.17109952872582168,0.7165346162436292,1.1378550096985516
481,drugbank,AMILORIDE,-0.193352734017018,-0.15468702952190544,0.7165346162436292,1.1378550096985516
10852,reframe,RPR-132747,-1.621685288761335,-0.1401772024883496,0.7165346162436292,1.1378550096985516
16856,broad,ML-786,-0.14079803643561728,-0.13978202878235,0.7165346162436292,1.1378550096985516
2253,drugbank,CRA_10655,-0.13840329562137776,-0.13978202878235,0.7165346162436292,1.1378550096985516
7097,drugbank,DADLE,-3.132759862544993,-0.1397265329939453,0.7165346162436292,1.1378550096985516
9652,drugbank,CAMOSTAT,-0.9225722630757275,-0.13595967157441244,0.7165346162436292,1.1378550096985516
5191,drugbank,6-CARBAMIMIDOYL-2-[2-HYDROXY-6-(4-HYDROXY-PHENYL)-INDAN-1-YL]-HEXANOIC ACID,-1.164026760258964,-0.13569037566166603,0.7165346162436292,1.1378550096985516
5552,drugbank,"N-({(2S,3S)-3-[(BENZYLAMINO)CARBONYL]OXIRAN-2-YL}CARBONYL)-L-ISOLEUCYL-L-PROLINE",-0.16377296963122873,-0.11718863770781775,0.7165346162436292,1.1378550096985516
8112,drugbank,CILENGITIDE,-0.6399728247577511,-0.11326154664827763,0.7165346162436292,1.1378550096985516
10854,reframe,PROPAMIDINE,-0.18893559415420247,-0.11030240847133925,0.7165346162436292,1.1378550096985516
5455,drugbank,(S)-N-(4-CARBAMIMIDOYLBENZYL)-1-(3-CYCLOHEXYLPROPANOYL)PYRROLIDINE-2-CARBOXAMIDE,-0.4432171463238912,-0.10630390550630638,0.7165346162436292,1.1378550096985516
9806,drugbank,DOTATATE GALLIUM GA-68,-2.687604354072677,-0.0967244482137199,0.7165346162436292,1.1378550096985516
6,drugbank,VASOPRESSIN,-1.7186966635087944,-0.09348475256970556,0.7165346162436292,1.1378550096985516
9456,drugbank,ANGIOTENSINAMIDE,-2.0192281824106395,-0.09253178010780626,0.7165346162436292,1.1378550096985516
17060,broad,NALMEFENE,-0.06485297963135471,-0.08035056854667876,0.7165346162436292,1.1378550096985516
5013,drugbank,OTAMIXABAN,-1.5698947237057685,-0.07898529858260198,0.7165346162436292,1.1378550096985516
10787,reframe,FIDEXABAN,-0.4315393857552682,-0.07443407062239692,0.7165346162436292,1.1378550096985516
5959,drugbank,N-ACETYL-L-PHENYLALANYL-4-[DIFLUORO(PHOSPHONO)METHYL]-L-PHENYLALANINAMIDE,-1.521277645346445,-0.07266310887507105,0.7165346162436292,1.1378550096985516
10032,drugbank,ZINC ACETATE,-0.43653066077176955,-0.07019780972565806,0.7165346162436292,1.1378550096985516
8130,drugbank,GALUNISERTIB,-0.11325624781170471,-0.061625719920518886,0.7165346162436292,1.1378550096985516
4676,drugbank,LARAZOTIDE,-1.0046462604415138,-0.06148191796260226,0.7165346162436292,1.1378550096985516
10244,drugbank,AVEXITIDE,-2.5552452074456924,-0.06038869657733847,0.7165346162436292,1.1378550096985516
5243,drugbank,2-(2-METHYLPHENYL)-1H-INDOLE-6-CARBOXIMIDAMIDE,-0.39991451912546877,-0.042811311415562915,0.7165346162436292,1.1378550096985516
3677,drugbank,8-(PYRIMIDIN-2-YLAMINO)NAPHTHALENE-2-CARBOXIMIDAMIDE,-0.6030817202539863,-0.03880979440673977,0.7165346162436292,1.1378550096985516
7700,drugbank,SINAPULTIDE,-2.284358561522905,-0.03408892968128317,0.7165346162436292,1.1378550096985516
4656,drugbank,DELCASERTIB,-1.4802591553880045,-0.022210183055524056,0.7165346162436292,1.1378550096985516
2671,drugbank,"N1,N14-BIS((S-METHYL)ISOTHIOUREIDO)TETRADECANE",-0.6641698866195079,-0.010463607225950975,0.7165346162436292,1.1378550096985516
2765,drugbank,"[N-[N-(4-METHOXY-2,3,6-TRIMETHYLPHENYLSULFONYL)-L-ASPARTYL]-D-(4-AMIDINO-PHENYLALANYL)]-PIPERIDINE",-0.9866820590219754,-0.005537485118729777,0.7165346162436292,1.1378550096985516
10789,reframe,RWJ-58643,-2.8474312856869823,0.005307863995614316,0.7165346162436292,1.1378550096985516
6129,drugbank,"N-(CYCLOPROPYLMETHYL)-2'-METHYL-5'-(5-METHYL-1,3,4-OXADIAZOL-2-YL)BIPHENYL-4-CARBOXAMIDE",-0.22799461364911242,0.013703299601317576,0.7165346162436292,1.1378550096985516
5320,drugbank,D-LEUCYL-N-(4-CARBAMIMIDOYLBENZYL)-L-PROLINAMIDE,-0.3241285567008636,0.03210456897183191,0.7165346162436292,1.1378550096985516
15949,broad,L-161982,-1.4332880179508478,0.0428248978899171,0.7165346162436292,1.1378550096985516
1510,drugbank,"2-{2-HYDROXY-[1,1'-BIPHENYL]-3-YL}-1H-1,3-BENZODIAZOLE-5-CARBOXIMIDAMIDE",0.4708584527078232,0.04368444199556121,0.7165346162436292,1.1378550096985516
10762,reframe,SN-429,0.47387669701666174,0.04368444199556121,0.7165346162436292,1.1378550096985516
4593,drugbank,PIMAGEDINE,-0.496497349955034,0.06379754484244486,0.7165346162436292,1.1378550096985516
17603,broad,ORITAVANCIN,-1.9227428565748825,0.06592450612902855,0.7165346162436292,1.1378550096985516
8697,drugbank,NAFAMOSTAT,-1.4115221953232615,0.0693932022753777,0.7165346162436292,1.1378550096985516
3880,drugbank,4-[[(2S)-2-[[(2S)-3-CARBOXY-2-HYDROXYPROPANOYL]AMINO]-4-METHYLPENTANOYL]AMINO]BUTYL-(DIAMINOMETHYLIDENE)AZANIUM,-0.8202638759481777,0.09923864853873299,0.7165346162436292,1.1378550096985516
7475,drugbank,ZINC SULFATE,-0.43653066077176955,0.10226924920818423,0.7165346162436292,1.1378550096985516
20622,broad,VANCOMYCIN,-1.9183995605465227,0.11330354738229509,0.7165346162436292,1.1378550096985516
5351,drugbank,D-PHENYLALANYL-N-(3-FLUOROBENZYL)-L-PROLINAMIDE,-0.3130755387019181,0.11518823731090023,0.7165346162436292,1.1378550096985516
3845,drugbank,N-ALPHA-(2-NAPHTHYLSULFONYL)-N-(3-AMIDINO-L-PHENYLALANINYL)-D-PIPECOLINIC ACID,-0.18156591920760481,0.12100076995260677,0.7165346162436292,1.1378550096985516
2229,drugbank,N(2)-SUCCINYL-L-ARGININE,-0.8184724846190811,0.13490894726157332,0.7165346162436292,1.1378550096985516
5534,drugbank,N-(7-CARBAMIMIDOYL-NAPHTHALEN-1-YL)-3-HYDROXY-2-METHYL-BENZAMIDE,-0.7432717452686491,0.13760400366396403,0.7165346162436292,1.1378550096985516
4464,drugbank,XIMELAGATRAN,-0.45049142691753125,0.15914495493768221,0.7165346162436292,1.1378550096985516
7973,drugbank,BOMBESIN,-2.2605521124559385,0.1602589291417145,0.7165346162436292,1.1378550096985516
4438,drugbank,OLCEGEPANT,-0.2703184195359708,0.1700890633273915,0.7165346162436292,1.1378550096985516
3274,drugbank,2-IODOBENZYLTHIO GROUP,-0.024215472875419534,0.1753609849402911,0.7165346162436292,1.1378550096985516
3739,drugbank,N-ALPHA-(2-NAPHTHYLSULFONYL)-N(3-AMIDINO-L-PHENYLALANINYL)-4-ACETYL-PIPERAZINE,-0.024511487486108638,0.19736308634625574,0.7165346162436292,1.1378550096985516
6471,drugbank,2-(2-METHYLPHENYL)-1H-INDOLE-5-CARBOXIMIDAMIDE,-0.3220008052487709,0.21489130697042305,0.7165346162436292,1.1378550096985516
5967,drugbank,AC-(D)PHE-PRO-BOROHOMOORNITHINE-OH,-0.5141732647202882,0.21518983883835022,0.7165346162436292,1.1378550096985516
3798,drugbank,N(2)-(2-CARBOXYETHYL)-L-ARGININE,-0.8184111407164587,0.21822437377797893,0.7165346162436292,1.1378550096985516
4019,drugbank,ZK-805623,-0.14668418477453543,0.21822437377797893,0.7165346162436292,1.1378550096985516
15261,broad,GUANIDINE,-0.5607554047380392,0.23625454059077575,0.7165346162436292,1.1378550096985516
10767,reframe,FLOVAGATRAN,-0.4090861250625425,0.24105879598710114,0.7165346162436292,1.1378550096985516
9408,drugbank,ORNIPRESSIN,-1.3758441953232752,0.2636230944532167,0.7165346162436292,1.1378550096985516
6431,drugbank,"5-CHLORO-THIOPHENE-2-CARBOXYLIC ACID ((3S,4S)-4-FLUORO- 1-{[2-FLUORO-4-(2-OXO-2H-PYRIDIN-1-YL)-PHENYLCARBAMOYL]-METHYL}-PYRROLIDIN-3-YL)-AMIDE",0.26211495724955447,0.2719007038892312,0.7165346162436292,1.1378550096985516
10816,reframe,PCI-27483,0.27195829322426873,0.2719007038892312,0.7165346162436292,1.1378550096985516
10832,reframe,CI-1028,-0.4603000456278201,0.2952350328826568,0.7165346162436292,1.1378550096985516
10810,reframe,PATAMOSTAT,-1.4607102511719543,0.3013952779641617,0.7165346162436292,1.1378550096985516
6292,drugbank,ISOTHIAZOLIDINONE ANALOG,-1.6864127752239297,0.3060210569530999,0.7165346162436292,1.1378550096985516
3595,drugbank,L-HOMOARGININE,-1.1409284466189278,0.3289337578934494,0.7165346162436292,1.1378550096985516
3936,drugbank,1-(4-AMIDINOPHENYL)-3-(4-CHLOROPHENYL)UREA,-0.32439575487445865,0.34305549654619516,0.7165346162436292,1.1378550096985516
1491,drugbank,BIS(5-AMIDINO-BENZIMIDAZOLYL)METHANE,0.09259334369225443,0.345114611714414,0.7165346162436292,1.1378550096985516
13540,broad,CTS21166,-3.261067066196742,0.345114611714414,0.7165346162436292,1.1378550096985516
17971,broad,PF-06463922,-0.3507483080484473,0.3562682671682752,0.7165346162436292,1.1378550096985516
10333,drugbank,AZD-7687,-0.42352300253349084,0.36172783601759284,0.7165346162436292,1.1378550096985516
5529,drugbank,2-(4-HYDROXY-5-PHENYL-1H-PYRAZOL-3-YL)-1H-BENZOIMIDAZOLE-5-CARBOXAMIDINE,0.4761588730051243,0.3842797177150919,0.7165346162436292,1.1378550096985516
3985,drugbank,AERUGINOSIN 98-B,-2.5557762510534645,0.3979400086720376,0.7165346162436292,1.1378550096985516
10549,drugbank,MODIMELANOTIDE,-1.6888221307989426,0.40134122214909645,0.7165346162436292,1.1378550096985516
3351,drugbank,4-CARBAMOYL-4-{[6-(DIFLUORO-PHOSPHONO-METHYL)-NAPHTHALENE-2-CARBONYL]-AMINO}-BUTYRIC ACID,0.06928790574944131,0.40134122214909645,0.7165346162436292,1.1378550096985516
7953,drugbank,SETMELANOTIDE,-2.4040335187790185,0.41145100834457804,0.7165346162436292,1.1378550096985516
5254,drugbank,1-BUTANOYL-N-(4-CARBAMIMIDOYLBENZYL)-L-PROLINAMIDE,-0.25121261490890895,0.416922870688721,0.7165346162436292,1.1378550096985516
6474,drugbank,N-METHYLPHENYLALANYL-N-[(TRANS-4-AMINOCYCLOHEXYL)METHYL]-L-PROLINAMIDE,-0.2505786541007051,0.416922870688721,0.7165346162436292,1.1378550096985516
10815,reframe,ATECEGATRAN,-0.22483277980838992,0.4178775131975073,0.7165346162436292,1.1378550096985516
5261,drugbank,N-(4-CARBAMIMIDOYLBENZYL)-1-(4-METHYLPENTANOYL)-L-PROLINAMIDE,-0.20328579741478517,0.4178775131975073,0.7165346162436292,1.1378550096985516
6694,drugbank,1-{[1-(2-AMINO-3-PHENYL-PROPIONYL)-PYRROLIDINE-2-CARBONYL]-AMINO}-2-(3-CYANO-PHENYL)-ETHANEBORONIC ACID,-0.18062146325893663,0.42879188199543883,0.7165346162436292,1.1378550096985516
10839,reframe,SDZ-GPI-562,-0.5548779994152108,0.42879188199543883,0.7165346162436292,1.1378550096985516
6377,drugbank,"2-CHLORO-4-{[(1R,3Z,7S,7AS)-7-HYDROXY-1-(TRIFLUOROMETHYL)TETRAHYDRO-1H-PYRROLO[1,2-C][1,3]OXAZOL-3-YLIDENE]AMINO}-3-METHYLBENZONITRILE",-0.17884030700024067,0.42879188199543883,0.7165346162436292,1.1378550096985516
3137,drugbank,1-PHENYLSULFONAMIDE-3-TRIFLUOROMETHYL-5-PARABROMOPHENYLPYRAZOLE,-0.35093196771060825,0.429045565993378,0.7165346162436292,1.1378550096985516
1530,drugbank,COPROGEN,-1.4268061397356189,0.429045565993378,0.7165346162436292,1.1378550096985516
8913,drugbank,GS-9256,-0.9893923338346727,0.4430311797838432,0.7165346162436292,1.1378550096985516
3130,drugbank,TRYPANOTHIONE,-1.103168248594937,0.4471930379285129,0.7165346162436292,1.1378550096985516
5849,drugbank,"N'-(6-AMINOPYRIDIN-3-YL)-N-(2-CYCLOPENTYLETHYL)-4-METHYL-BENZENE-1,3-DICARBOXAMIDE",-0.9107388540623983,0.4487429341885124,0.7165346162436292,1.1378550096985516
11140,broad,A-674563,-1.4649512014911108,0.46408181776780344,0.7165346162436292,1.1378550096985516
10248,drugbank,LANABECESTAT,-1.4604444716311973,0.46430672343863344,0.7165346162436292,1.1378550096985516
5194,drugbank,N-(3-CHLOROBENZYL)-1-(4-METHYLPENTANOYL)-L-PROLINAMIDE,0.27760239519646734,0.4718092446418569,0.7165346162436292,1.1378550096985516
7474,drugbank,ZINC OXIDE,-0.43653066077176955,0.48806002323274356,0.7165346162436292,1.1378550096985516
9879,drugbank,TASPOGLUTIDE,-2.899353236001869,0.4904215663355968,0.7165346162436292,1.1378550096985516
8684,drugbank,OZARELIX,-0.6238291370780041,0.502971054152033,0.7165346162436292,1.1378550096985516
6462,drugbank,"5-CHLORO-N-((1R,2S)-2-(4-(2-OXOPYRIDIN-1(2H)-YL)BENZAMIDO) CYCLOPENTYL)THIOPHENE-2-CARBOXAMIDE",0.183217998865153,0.502971054152033,0.7165346162436292,1.1378550096985516
6110,drugbank,GLYCYLALANYL-N-2-NAPHTHYL-L-PROLINEAMIDE,0.18142113054706865,0.502971054152033,0.7165346162436292,1.1378550096985516
6461,drugbank,5-CHLORO-N-(2-(4-(2-OXOPYRIDIN-1(2H)-YL)BENZAMIDO)ETHYL)THIOPHENE-2-CARBOXAMIDE,0.15517724401197538,0.502971054152033,0.7165346162436292,1.1378550096985516
4361,drugbank,"2-O-(4'-AMIDINOPHENYL)-5-O-(3''-AMIDINOPHENYL)-1,4:3,6-DIANHYDRO-D-SORBITOL",-0.13605615846034938,0.5068031414834312,0.7165346162436292,1.1378550096985516
4519,drugbank,ANATIBANT,-0.6444113749308278,0.5119485528373475,0.7165346162436292,1.1378550096985516
7975,drugbank,ENCENICLINE,-0.5401691500051111,0.5171009925042108,0.7165346162436292,1.1378550096985516
758,drugbank,CHLORHEXIDINE,-0.35124870595141533,0.5172477396599602,0.7165346162436292,1.1378550096985516
8428,drugbank,LOSMAPIMOD,-0.3386395227119029,0.5353011711740363,0.7165346162436292,1.1378550096985516
4479,drugbank,AFAMELANOTIDE,-1.7157789103313905,0.5549216192694845,0.7165346162436292,1.1378550096985516
10288,drugbank,BIO-11006,-3.0667943916607165,0.5555782294112087,0.7165346162436292,1.1378550096985516
10831,reframe,EFEGATRAN,-1.535321743449258,0.5565606717631758,0.7165346162436292,1.1378550096985516
2657,drugbank,NDELTA-(N'-SULPHODIAMINOPHOSPHINYL)-L-ORNITHINE,-1.1022523420447683,0.5588568125618261,0.7165346162436292,1.1378550096985516
2417,drugbank,"6-[N-(1-ISOPROPYL-1,2,3,4-TETRAHYDRO-7-ISOQUINOLINYL)CARBAMYL]-2-NAPHTHALENECARBOXAMIDINE",-1.3028585482880752,0.5617939576424498,0.7165346162436292,1.1378550096985516
5399,drugbank,3-(5-{[4-(AMINOMETHYL)PIPERIDIN-1-YL]METHYL}-1H-INDOL-2-YL)-1H-INDAZOLE-6-CARBONITRILE,0.20266789758960665,0.5617939576424498,0.7165346162436292,1.1378550096985516
18686,broad,RAVOXERTINIB,-1.8166051935726046,0.5757260236805931,0.7165346162436292,1.1378550096985516
3707,drugbank,APSTATIN,-0.3688052293551052,0.5881984924249095,0.7165346162436292,1.1378550096985516
5127,drugbank,LANREOTIDE,-2.917711716807769,0.5928304553638051,0.7165346162436292,1.1378550096985516
7725,drugbank,BAMBERMYCINS,-1.5673500541543157,0.5929014614414417,0.7165346162436292,1.1378550096985516
14596,broad,EVP-6124,-0.5401691500051111,0.5960633334368115,0.7165346162436292,1.1378550096985516
4901,drugbank,TELAVANCIN,-1.0630708982234156,0.5998167423081968,0.7165346162436292,1.1378550096985516
8152,drugbank,DIFELIKEFALIN,-0.8851638860122694,0.6035598729761319,0.7165346162436292,1.1378550096985516
5582,drugbank,"THIENO[3,2-B]PYRIDINE-2-SULFONIC ACID [1-(1-AMINO-ISOQUINOLIN-7-YLMETHYL)-2-OXO-PYRROLDIN-3-YL]-AMIDE",-0.5326220486723067,0.6042132484188485,0.7165346162436292,1.1378550096985516
3404,drugbank,N-HYDROXYGUANIDINE,-0.542438194840205,0.6127676287363649,0.7165346162436292,1.1378550096985516
9,drugbank,FELYPRESSIN,-1.4902288268013875,0.6488591585994555,0.7165346162436292,1.1378550096985516
13787,broad,DELIVERT,-1.0316636595286997,0.6501839998650921,0.7165346162436292,1.1378550096985516
13431,broad,COLISTIMETHATE,-1.577623373411312,0.6547467747006555,0.7165346162436292,1.1378550096985516
22,drugbank,ARGININE,-1.1380156751701815,0.6570685637529052,0.7165346162436292,1.1378550096985516
12181,broad,BENTIROMIDE,-0.13398331118153786,0.6579897832019691,0.7165346162436292,1.1378550096985516
8305,drugbank,AVORALSTAT,-0.3457359256769262,0.6579897832019691,0.7165346162436292,1.1378550096985516
12313,broad,BIBN4096,-0.2703184195359708,0.6585511954396696,0.7165346162436292,1.1378550096985516
6276,drugbank,+/-METHYL 4-(AMINOIMINOMETHYL)-BETA-[3- INH (AMINOIMINO)PHENYL]BENZENE PENTANOATE,-0.2766604749596451,0.6585511954396696,0.7165346162436292,1.1378550096985516
5248,drugbank,2-(3-METHYLPHENYL)-1H-INDOLE-5-CARBOXIMIDAMIDE,-0.281435088756684,0.6585511954396696,0.7165346162436292,1.1378550096985516
5174,drugbank,(S)-N-(4-CARBAMIMIDOYLBENZYL)-1-(2-(CYCLOPENTYLAMINO)ETHANOYL)PYRROLIDINE-2-CARBOXAMIDE,-0.2820000774090053,0.6585511954396696,0.7165346162436292,1.1378550096985516
5938,drugbank,"N-((1R,2R)-2-(5-CHLORO-1H-INDOLE-2-CARBOXAMIDO)CYCLOHEXYL)-5-METHYL-4,5,6,7-TETRAHYDROTHIAZOLO[5,4-C]PYRIDINE-2-CARBOXAMIDE",-0.5780069961817199,0.6586866971699908,0.7165346162436292,1.1378550096985516
1869,drugbank,ZK-806450,-0.5627766058105501,0.6587006923961368,0.7165346162436292,1.1378550096985516
2154,drugbank,"[[4-(AMINOMETHYL)PHENYL]AMINO]OXO-ACETIC ACID,",-0.01664144118985891,0.6587830785273309,0.7165346162436292,1.1378550096985516
10678,drugbank,CILAZAPRILAT,-0.007121803692548479,0.6587830785273309,0.7165346162436292,1.1378550096985516
10435,drugbank,AZD-8165,0.09710474946072009,0.6594589235853165,0.7165346162436292,1.1378550096985516
9529,drugbank,DIFETARSONE,-0.2891761104086153,0.660146039959853,0.7165346162436292,1.1378550096985516
1740,drugbank,6-(N-PHENYLCARBAMYL)-2-NAPHTHALENECARBOXAMIDINE,-0.2943941555297255,0.660146039959853,0.7165346162436292,1.1378550096985516
5533,drugbank,(2R)-2-(5-CHLORO-2-THIENYL)-N-{(3S)-1-[(1S)-1-METHYL-2-MORPHOLIN-4-YL-2-OXOETHYL]-2-OXOPYRROLIDIN-3-YL}PROPENE-1-SULFONAMIDE,-0.2854835497999612,0.6602054964655365,0.7165346162436292,1.1378550096985516
5467,drugbank,D-PHENYLALANYL-N-BENZYL-L-PROLINAMIDE,-0.2867833600362663,0.6602054964655365,0.7165346162436292,1.1378550096985516
4934,drugbank,CARIPORIDE,-0.2865210048597669,0.6602054964655365,0.7165346162436292,1.1378550096985516
6284,drugbank,"N~3~-[3-(1H-INDOL-6-YL)BENZYL]PYRIDINE-2,3-DIAMINE",-1.7519578249572982,0.6602226927670124,0.7165346162436292,1.1378550096985516
10850,reframe,STILBAMIDINE,-0.5668715976294892,0.6604211259289263,0.7165346162436292,1.1378550096985516
3852,drugbank,CRA_23653,0.22409086836013095,0.66054561647218,0.7165346162436292,1.1378550096985516
9850,drugbank,LUTETIUM LU 177 DOTATATE,-2.912656937392536,0.66054561647218,0.7165346162436292,1.1378550096985516
6170,drugbank,"5-CHLORO-THIOPHENE-2-CARBOXYLIC ACID ((3S,4S)-1-{[2-FLUORO-4-(2-OXO-2H-PYRIDIN-1-YL)-PHENYLCARBAMOYL]-METHYL}-4-HYDROXY-PYRROLIDIN-3-YL)-AMIDE",0.22362770921354613,0.66054561647218,0.7165346162436292,1.1378550096985516
14153,broad,DR-4485,-1.749595338799823,0.66054561647218,0.7165346162436292,1.1378550096985516
7965,drugbank,RUZASVIR,-0.8017865096598934,0.6608575411303318,0.7165346162436292,1.1378550096985516
10680,drugbank,AMG-510,-0.7980982109148687,0.6608575411303318,0.7165346162436292,1.1378550096985516
5965,drugbank,AC-(D)PHE-PRO-BOROLYS-OH,-0.5250500020260683,0.6608575411303318,0.7165346162436292,1.1378550096985516
5966,drugbank,AC-(D)PHE-PRO-BOROHOMOLYS-OH,-0.5246493320830732,0.6608575411303318,0.7165346162436292,1.1378550096985516
2900,drugbank,DIPHTHAMIDE,-2.4644184560319897,0.6610952217569407,0.7165346162436292,1.1378550096985516
4631,drugbank,CZEN 002,-1.7083660826543043,0.6616858857025583,0.7165346162436292,1.1378550096985516
5419,drugbank,(S)-N-(4-CARBAMIMIDOYLBENZYL)-1-(3-CYCLOPENTYLPROPANOYL)PYRROLIDINE-2-CARBOXAMIDE,-0.43397659001886346,0.6640673260653612,0.7165346162436292,1.1378550096985516
4549,drugbank,VINTAFOLIDE,-0.7178738246679315,0.6793242131697725,0.7165346162436292,1.1378550096985516
294,drugbank,CERULETIDE,-2.0231225705417164,0.679480715315828,0.7165346162436292,1.1378550096985516
8507,drugbank,IPAMORELIN,-3.258769693720818,0.6884336710783673,0.7165346162436292,1.1378550096985516
14610,broad,EXENATIDE,-2.3683582033747212,0.6888669000485115,0.7165346162436292,1.1378550096985516
18507,broad,PRUCALOPRIDE,-0.08976660362846825,0.6902011881449392,0.7165346162436292,1.1378550096985516
10454,drugbank,ALBUVIRTIDE,-2.4083538133904154,0.6954176112680401,0.7165346162436292,1.1378550096985516
9024,drugbank,CIBINETIDE,-2.175156926804373,0.6982194522418121,0.7165346162436292,1.1378550096985516
13820,broad,DESMOPRESSIN-ACETATE,-0.6162233397829653,0.7023134306868991,0.7165346162436292,1.1378550096985516
10646,drugbank,TALLIMUSTINE,-0.15584626712683203,0.7130835585730809,0.7165346162436292,1.1378550096985516
6835,drugbank,"3-PYRIDIN-4-YL-2,4-DIHYDRO-INDENO[1,2-.C.] PYRAZOLE",-0.460943452236684,0.7130868156326006,0.7165346162436292,1.1378550096985516
1598,drugbank,"L-N(OMEGA)-NITROARGININE-2,4-L-DIAMINOBUTYRIC AMIDE",-1.406317103241104,0.7137667064831388,0.7165346162436292,1.1378550096985516
1528,drugbank,N-ALPHA-(2-NAPHTHYLSULFONYL)-N(3-AMIDINO-L-PHENYLALANINYL)ISOPIPECOLINIC ACID METHYL ESTER,-0.744727494896694,0.7189288511920698,0.7165346162436292,1.1378550096985516
3873,drugbank,CYCLOTHEONAMIDE A,-0.35753692923704833,0.7229065389819554,0.7165346162436292,1.1378550096985516
8707,drugbank,DAVUNETIDE,-2.6693640554042237,0.72350351799922,0.7165346162436292,1.1378550096985516
5154,drugbank,TRIPTORELIN,-2.177345698805135,0.7293851562133341,0.7165346162436292,1.1378550096985516
5225,drugbank,1-[4-(HYDROXYMETHYL)PHENYL]GUANIDINE,-0.6147224920075675,0.73100279322343,0.7165346162436292,1.1378550096985516
7294,drugbank,DACLATASVIR,-0.6459799440709928,0.7367585656597131,0.7165346162436292,1.1378550096985516
1471,drugbank,CHYMOSTATIN,-0.8756405949054528,0.7376157111765127,0.7165346162436292,1.1378550096985516
10304,drugbank,RISUTEGANIB,-0.5822558639438643,0.7408017649162989,0.7165346162436292,1.1378550096985516
4341,drugbank,1-GUANIDINO-4-(N-NITRO-BENZOYLAMINO-L-LEUCYL-L-PROLYLAMINO)BUTANE,-2.0612737990279686,0.7627532422677378,0.7165346162436292,1.1378550096985516
19997,broad,TERLIPRESSIN,-1.6716824508093373,0.7825283637825636,0.7165346162436292,1.1378550096985516
11708,broad,ANTAGONIST-G,-2.2115236510401184,0.7899621800075672,0.7165346162436292,1.1378550096985516
8189,drugbank,ELAMIPRETIDE,-1.0644988565299063,0.8086747649808852,0.7165346162436292,1.1378550096985516
1865,drugbank,2-AMINOETHANIMIDIC ACID,-0.6550538597263008,0.8243899021533909,0.7165346162436292,1.1378550096985516
1997,drugbank,ILOMASTAT,-2.5285035551902673,0.847320294590554,0.7165346162436292,1.1378550096985516
6887,drugbank,"1-[(4S)-4-AMINO-5-(1,3-BENZOTHIAZOL-2-YL)-5-OXOPENTYL]GUANIDINE",-3.2302512739110365,0.8506795301357478,0.7165346162436292,1.1378550096985516
1698,drugbank,ARYLOMYCIN A2,-1.7156285851397879,0.8526757820843175,0.7165346162436292,1.1378550096985516
16197,broad,LIRAGLUTIDE,-2.2803633478223144,0.8555191556678001,0.7165346162436292,1.1378550096985516
5329,drugbank,D-PHENYLALANYL-N-{4-[AMINO(IMINIO)METHYL]BENZYL}-L-PROLINAMIDE,-0.15275280256791923,0.8571808972533376,0.7165346162436292,1.1378550096985516
2513,drugbank,RWJ-56423,-3.2158915061345548,0.8571808972533376,0.7165346162436292,1.1378550096985516
5181,drugbank,N-CYCLOHEPTYLGLYCYL-N-(4-CARBAMIMIDOYLBENZYL)-L-PROLINAMIDE,-0.41249582989799993,0.8573324964312685,0.7165346162436292,1.1378550096985516
5457,drugbank,D-PHENYLALANYL-N-(3-METHYLBENZYL)-L-PROLINAMIDE,-0.351870004598735,0.8573324964312685,0.7165346162436292,1.1378550096985516
13544,broad,CUDC-427,-0.9289143655376397,0.8732134273149215,0.7165346162436292,1.1378550096985516
16150,broad,LGX818,-1.2911355159645626,0.8926854620190791,0.7165346162436292,1.1378550096985516
4342,drugbank,1-GUANIDINO-4-(N-PHENYLMETHANESULFONYL-L-LEUCYL-L-PROLYLAMINO)BUTANE,-1.216621004632859,0.9027903847808494,0.7165346162436292,1.1378550096985516
19581,broad,STREPTOMYCIN,-0.2256935664146814,0.9034076101665196,0.7165346162436292,1.1378550096985516
10241,drugbank,AMY-101,-1.6742523322161191,0.9197103145565103,0.7165346162436292,1.1378550096985516
3740,drugbank,N-[1-HYDROXYCARBOXYETHYL-CARBONYL]LEUCYLAMINO-2-METHYL-BUTANE,-0.8249055586377454,0.9207612071258038,0.7165346162436292,1.1378550096985516
12447,broad,BMS-CCR2-22,-0.5660121404063196,0.9249090190971023,0.7165346162436292,1.1378550096985516
14604,broad,EXAMORELIN,-2.9275146706926947,0.9301361478462813,0.7165346162436292,1.1378550096985516
3438,drugbank,HEXAMIDINE,0.18956790918604602,0.9552423749670134,0.7165346162436292,1.1378550096985516
4462,drugbank,VAPREOTIDE,-2.9144051852663435,0.9649062894476785,0.7165346162436292,1.1378550096985516
11361,broad,AGMATINE,-0.9260566410993911,0.9667691327676232,0.7165346162436292,1.1378550096985516
1474,drugbank,"N,N-DIMETHYLARGININE",-2.3279459586219664,0.9674844460972954,0.7165346162436292,1.1378550096985516
9175,drugbank,ARGININE GLUTAMATE,-0.81039778561791,0.9683340968963724,0.7165346162436292,1.1378550096985516
1525,drugbank,CRA_17693,-0.09068634209781014,1.002959747297745,0.7165346162436292,1.1378550096985516
10746,reframe,CU-2010,-0.7400077002205776,1.002959747297745,0.7165346162436292,1.1378550096985516
7430,drugbank,LIXISENATIDE,-2.3683582033747212,1.0048427909115982,0.7165346162436292,1.1378550096985516
16876,broad,MM-102,-1.009513862535993,1.0080638713465107,0.7165346162436292,1.1378550096985516
18886,broad,RO-90-7501,0.28792700311933195,1.0095546102517212,0.7165346162436292,1.1378550096985516
9076,drugbank,ROTIGAPTIDE,-0.41380778766493614,1.0095546102517212,0.7165346162436292,1.1378550096985516
5183,drugbank,6-FLUORO-2-[2-HYDROXY-3-(2-METHYL-CYCLOHEXYLOXY)-PHENYL]-1H-INDOLE-5-CARBOXAMIDINE,-0.38223361997313987,1.0096641078761286,0.7165346162436292,1.1378550096985516
8613,drugbank,SELEPRESSIN,-1.2083084139157423,1.0145329413384736,0.7165346162436292,1.1378550096985516
1792,drugbank,EPICAPTOPRIL,0.02737365295644519,1.0169129632832636,0.7165346162436292,1.1378550096985516
3340,drugbank,"N-{4-[(CARBOXYMETHYL)CARBAMOYL]BENZOYL}-L-VALYL-N-[(3S)-1,1,1-TRIFLUORO-4-METHYL-2-OXO-3-PENTANYL]-L-PROLINAMIDE",0.013612980150893449,1.0169129632832636,0.7165346162436292,1.1378550096985516
8073,drugbank,ANGIOTENSIN II,-3.199553554998576,1.0219860682825583,0.7165346162436292,1.1378550096985516
12490,broad,BREMELANOTIDE,-1.204512162321639,1.0255445981263256,0.7165346162436292,1.1378550096985516
17011,broad,N-BENZYLNALTRINDOLE,-0.034651738558647394,1.0348688141283031,0.7165346162436292,1.1378550096985516
4028,drugbank,"IMINO[2-(2-OXO-1,2-DIHYDRO-3-PYRIDINYL)-1H-BENZIMIDAZOL-5-YL]METHANAMINIUM",-0.006402418823209951,1.0489826039225023,0.7165346162436292,1.1378550096985516
6361,drugbank,"4-(2-AMINOETHOXY)-3,5-DICHLORO-N-[3-(1-METHYLETHOXY)PHENYL]BENZAMIDE",-0.5721721175114621,1.0503376385852172,0.7165346162436292,1.1378550096985516
10836,reframe,RO-43-5054,-0.6239169586262734,1.0530381460826248,0.7165346162436292,1.1378550096985516
2706,drugbank,CRA_1801,0.40496957440817594,1.0713042398275725,0.7165346162436292,1.1378550096985516
7825,drugbank,DESLORELIN,-2.1771184577094176,1.0713042398275725,0.7165346162436292,1.1378550096985516
4603,drugbank,TIFUVIRTIDE,-2.8640774042726775,1.0800854367018027,0.7165346162436292,1.1378550096985516
4970,drugbank,LABRADIMIL,-2.098596267357479,1.0842744285739052,0.7165346162436292,1.1378550096985516
5485,drugbank,5-PHENYL-1H-INDAZOL-3-AMINE,-0.37082048365479386,1.1025422365440114,0.7165346162436292,1.1378550096985516
4142,drugbank,CRA_9678,-0.33714490241546496,1.1035210066435608,0.7165346162436292,1.1378550096985516
8481,drugbank,GDC-0917,-0.9289143655376397,1.1072540448074804,0.7165346162436292,1.1378550096985516
5021,drugbank,DIAPEP 277,-0.5284078114743864,1.1078787282292206,0.7165346162436292,1.1378550096985516
8371,drugbank,TRV-120027,-1.0053057862297277,1.108769614087804,0.7165346162436292,1.1378550096985516
6696,drugbank,[PHENYLALANINYL-PROLINYL]-[2-(PYRIDIN-4-YLAMINO)-ETHYL]-AMINE,-0.33624066066106806,1.110712892575611,0.7165346162436292,1.1378550096985516
5317,drugbank,"(2S,3S)-4-CYCLOPROPYL-3-{(3R,5R)-3-[2-FLUORO-4-(METHYLSULFONYL)PHENYL]-1,2,4-OXADIAZOLIDIN-5-YL}-1-[(3S)-3-FLUOROPYRROLIDIN-1-YL]-1-OXOBUTAN-2-AMINE",-1.1438098454369756,1.13114306464985,0.7165346162436292,1.1378550096985516
10550,drugbank,COBLOPASVIR,-0.13235119588609076,1.1317555849297478,0.7165346162436292,1.1378550096985516
15031,broad,GDC-0994,-1.3978865356825316,1.1383682939399637,0.7165346162436292,1.1378550096985516
10847,reframe,RO-44-3888,-0.33396401081144805,1.1469631501926325,0.7165346162436292,1.1378550096985516
5049,drugbank,DEGARELIX,-1.4674018668320108,1.1666943705364108,0.7165346162436292,1.1378550096985516
12880,broad,CE3F4,0.04476355251956635,1.1733964899035694,0.7165346162436292,1.1378550096985516
2434,drugbank,DELTA-2-ALBOMYCIN A1,-2.6262704083512833,1.1734681736965866,0.7165346162436292,1.1378550096985516
10864,reframe,FR-158999,-0.36146978226342735,1.1736741779175481,0.7165346162436292,1.1378550096985516
9963,drugbank,PALMITOYL TETRAPEPTIDE-7,-2.1390961667660697,1.173835680313932,0.7165346162436292,1.1378550096985516
10827,reframe,SZ-042,-1.28738930561194,1.1741447109972207,0.7165346162436292,1.1378550096985516
11494,broad,AM-580,-0.25737762249393803,1.1741447109972207,0.7165346162436292,1.1378550096985516
5178,drugbank,(S)-N-(4-CARBAMIMIDOYLBENZYL)-1-(2-(CYCLOHEXYLAMINO)ETHANOYL)PYRROLIDINE-2-CARBOXAMIDE,-0.41249582989799993,1.1741447109972207,0.7165346162436292,1.1378550096985516
6041,drugbank,"(7R,12R,13R)-13-FORMYL-12,14-DIHYDROXY-3,5,7-TRIMETHYLTETRADECA-2,4-DIENOIC ACID",-0.9281208366888378,1.174188865842756,0.7165346162436292,1.1378550096985516
8621,drugbank,ATECEGATRAN METOXIL,-0.3420314283704194,1.1773512442027776,0.7165346162436292,1.1378550096985516
5937,drugbank,"N-((1R,2S)-2-(5-CHLORO-1H-INDOLE-2-CARBOXAMIDO)CYCLOHEXYL)-5-METHYL-4,5,6,7-TETRAHYDROTHIAZOLO[5,4-C]PYRIDINE-2-CARBOXAMIDE",-0.5785411445233983,1.1775219712026264,0.7165346162436292,1.1378550096985516
5412,drugbank,(S)-N-(4-CARBAMIMIDOYLBENZYL)-1-(2-(CYCLOPENTYLOXY)ETHANOYL)PYRROLIDINE-2-CARBOXAMIDE,-0.2959763784345131,1.1804986095605503,0.7165346162436292,1.1378550096985516
8311,drugbank,BRADYKININ,-1.3996967209819222,1.1811592814460103,0.7165346162436292,1.1378550096985516
4700,drugbank,OGLUFANIDE,-2.7453642892674224,1.1825051771029405,0.7165346162436292,1.1378550096985516
4725,drugbank,"SAR9, MET (O2)11-SUBSTANCE P",-1.6722302775397901,1.1856889889000692,0.7165346162436292,1.1378550096985516
5568,drugbank,"[2'-HYDROXY-3'-(1H-PYRROLO[3,2-C]PYRIDIN-2-YL)-BIPHENYL-3-YLMETHYL]-UREA",-0.23677928860893274,1.19857552401211,0.7165346162436292,1.1378550096985516
4849,drugbank,AVIPTADIL,-2.7922567246051213,1.1990415000535488,0.7165346162436292,1.1378550096985516
7262,drugbank,CORTICORELIN OVINE TRIFLUTATE,-2.6526219406385643,1.206130441810732,0.7165346162436292,1.1378550096985516
10867,reframe,"VLA-4 ANTAGONISTS, AVENTIS",-0.3544019699692796,1.20615879655963,0.7165346162436292,1.1378550096985516
5401,drugbank,"(R)-1-(4-(4-(HYDROXYMETHYL)-1,3,2-DIOXABOROLAN-2-YL)PHENYL)GUANIDINE",-1.122714047472124,1.2147275738898058,0.7165346162436292,1.1378550096985516
10075,drugbank,ZINC CHLORIDE,-0.43653066077176955,1.218555012963344,0.7165346162436292,1.1378550096985516
8126,drugbank,ACYLINE,-1.2513222052053101,1.2345968869157629,0.7165346162436292,1.1378550096985516
10828,reframe,NAPSAGATRAN,0.19502239130126178,1.2345968869157629,0.7165346162436292,1.1378550096985516
5688,drugbank,4-(METHYLSULFONYL)BENZENECARBOXIMIDAMIDE,-0.19163234971128348,1.2352536427520528,0.7165346162436292,1.1378550096985516
1778,drugbank,AMIDO PHENYL PYRUVIC ACID,-0.18940054810236895,1.2352536427520528,0.7165346162436292,1.1378550096985516
2028,drugbank,2-(2-HYDROXY-PHENYL)-3H-BENZOIMIDAZOLE-5-CARBOXAMIDINE,0.3932888808633052,1.2383598898247592,0.7165346162436292,1.1378550096985516
10659,drugbank,EDOTREOTIDE GALLIUM GA-68,-2.9099567149342076,1.2468076893924882,0.7165346162436292,1.1378550096985516
8191,drugbank,LETAXABAN,-0.38177177972640336,1.2504674620569378,0.7165346162436292,1.1378550096985516
4669,drugbank,TEVERELIX,-0.36936734086774115,1.2681152987180715,0.7165346162436292,1.1378550096985516
2029,drugbank,CRA-9334,0.1845069189610509,1.276415876696742,0.7165346162436292,1.1378550096985516
4055,drugbank,CRA_10656,0.19272814813826883,1.2819211026684671,0.7165346162436292,1.1378550096985516
16384,broad,LYPRESSIN,-1.6394743108633798,1.2846447938905214,0.7165346162436292,1.1378550096985516
3067,drugbank,"1D-MYO-INOSITOL 1,4,5-TRISPHOSPHATE",0.032000657781913217,1.3015985891894815,0.7165346162436292,1.1378550096985516
5544,drugbank,"METHYL N-({(2S,3S)-3-[(PROPYLAMINO)CARBONYL]OXIRAN-2-YL}CARBONYL)-L-ISOLEUCYL-L-PROLINATE",0.030935330789179923,1.3015985891894815,0.7165346162436292,1.1378550096985516
10496,drugbank,BRIMAPITIDE,-0.6644173505754503,1.3021391022143247,0.7165346162436292,1.1378550096985516
1649,drugbank,BIS(5-AMIDINO-2-BENZIMIDAZOLYL)METHANONE,-0.7029237084627962,1.3023096685400066,0.7165346162436292,1.1378550096985516
2452,drugbank,RPR131247,-0.6890677511648219,1.322804505482748,0.7165346162436292,1.1378550096985516
4362,drugbank,"2,5-O,O-BIS-{4',4''-AMIDINOPHENYL}-1,4:3,6-DIANHYDRO-D-SORBITOL",0.07019295909208659,1.3264466017316658,0.7165346162436292,1.1378550096985516
5869,drugbank,ACETYLLEUCYL-LEUCYL-NORLEUCINAL,-0.931735962178294,1.3338941936091349,0.7165346162436292,1.1378550096985516
11299,broad,ADAPTAVIR,-2.8456619715019262,1.3398799593624067,0.7165346162436292,1.1378550096985516
19825,broad,TARGININE,-0.9972490778237884,1.3412728676243988,0.7165346162436292,1.1378550096985516
10567,drugbank,EC-0652,-1.2407345317351852,1.341917877631537,0.7165346162436292,1.1378550096985516
5902,drugbank,1-(PHENYLMETHYL)CYCLOPENTYL[(1S)-1-FORMYLPENTYL]CARBAMATE,-0.7638280855903791,1.3430970724339177,0.7165346162436292,1.1378550096985516
4548,drugbank,CR665,-1.0256779834279282,1.3431723162649063,0.7165346162436292,1.1378550096985516
13022,broad,CETABEN,-0.132013342789406,1.351987461853232,0.7165346162436292,1.1378550096985516
5186,drugbank,N-ALLYL-5-AMIDINOAMINOOXY-PROPYLOXY-3-CHLORO-N-CYCLOPENTYLBENZAMIDE,-0.8199760507632048,1.3545318568368458,0.7165346162436292,1.1378550096985516
2725,drugbank,LY341770,-1.6521092924573861,1.363485768880116,0.7165346162436292,1.1378550096985516
7968,drugbank,ENCORAFENIB,-1.2909635075375037,1.3636862479088259,0.7165346162436292,1.1378550096985516
10516,drugbank,MILADEMETAN,-1.618937905676385,1.3649845824586564,0.7165346162436292,1.1378550096985516
10877,broad,"[SAR9,MET(O2)11]-SUBSTANCE-P",-1.6722302775397901,1.3651719833790643,0.7165346162436292,1.1378550096985516
4517,drugbank,ULARITIDE,-1.3725342079208926,1.3653570492057003,0.7165346162436292,1.1378550096985516
15066,broad,GEPON,-0.9237243080074706,1.3656870016747877,0.7165346162436292,1.1378550096985516
3783,drugbank,"[2,4,6-TRIISOPROPYL-PHENYLSULFONYL-L-[3-AMIDINO-PHENYLALANINE]]-PIPERAZINE-N'-BETA-ALANINE",-0.7753353336500036,1.3657126669525501,0.7165346162436292,1.1378550096985516
15915,broad,KN-62,-0.11611178798556836,1.366004009672896,0.7165346162436292,1.1378550096985516
1380,drugbank,LIOTRIX,-0.11894218020196255,1.366004009672896,0.7165346162436292,1.1378550096985516
3008,drugbank,1-(2-AMIDINOPHENYL)-3-(PHENOXYPHENYL)UREA,-0.3132163988638671,1.3661732250686662,0.7165346162436292,1.1378550096985516
19794,broad,TALTIRELIN,-1.4696405583914747,1.3663886921859512,0.7165346162436292,1.1378550096985516
9483,drugbank,DIBROMPROPAMIDINE,-0.14653629801964393,1.3681992740912217,0.7165346162436292,1.1378550096985516
8185,drugbank,TAK-448,-2.184432984341269,1.371432024481999,0.7165346162436292,1.1378550096985516
4171,drugbank,3-({1-[3-CARBAMIMIDOYL-1-(4-CARBAMIMIDOYL-BENZYLCARBAMOYL)-PROPYLCARBAMOYL]-2-METHYL-BUTYLSULFAMOYL}-METHYL)-BENZOIC ACID,-0.9337659015798851,1.3737448515158557,0.7165346162436292,1.1378550096985516
4611,drugbank,TALACTOFERRIN ALPHA,-2.841079634915291,1.3740232033998327,0.7165346162436292,1.1378550096985516
20040,broad,TG-02,-0.5927898179309243,1.374111727613456,0.7165346162436292,1.1378550096985516
4329,drugbank,2-[2-ETHANESULFONYLAMINO-3-(1H-INDOL-3-YL)-PROPIONYLAMINO]-PENTANEDIOIC ACID 5-AMIDE 1-(4-CARBAMIM IDOYL-BENZYLAMIDE),-0.7537979830677345,1.3741146113922809,0.7165346162436292,1.1378550096985516
2,drugbank,GOSERELIN,-2.7012257218399327,1.3742537154712333,0.7165346162436292,1.1378550096985516
10830,reframe,UK-156406,0.24365639146513418,1.3749273395880968,0.7165346162436292,1.1378550096985516
5701,drugbank,"N~2~-1H-BENZIMIDAZOL-5-YL-N~4~-(3-CYCLOPROPYL-1H-PYRAZOL-5-YL)PYRIMIDINE-2,4-DIAMINE",-1.2589625144328096,1.3749273395880968,0.7165346162436292,1.1378550096985516
2572,drugbank,CRA_1802,0.22836498060931307,1.3749273395880968,0.7165346162436292,1.1378550096985516
8049,drugbank,TILARGININE,-0.9972490778237884,1.3798333105779212,0.7165346162436292,1.1378550096985516
4269,drugbank,TRANS-4-(GUANIDINOMETHYL)-CYCLOHEXANE-L-YL-D-3-CYCLOHEXYLALANYL-L-AZETIDINE-2-YL-D-TYROSINYL-L-HOMOARGININAMIDE,-2.0534619148925515,1.4028836999419538,0.7165346162436292,1.1378550096985516
9667,drugbank,TIDIACIC ARGININE,-1.1248343317999356,1.4157900566089656,0.7165346162436292,1.1378550096985516
10747,reframe,SEPIMOSTAT MESILATE,-1.4122342680235396,1.4173849871146107,0.7165346162436292,1.1378550096985516
4975,drugbank,REBIMASTAT,-1.121561146723353,1.4203901580121752,0.7165346162436292,1.1378550096985516
17474,broad,O4I1,-0.4680868679176359,1.4212111830642613,0.7165346162436292,1.1378550096985516
1656,drugbank,N-(SULFANYLACETYL)TYROSYLPROLYLMETHIONINAMIDE,-1.3576279106073477,1.4212451392118863,0.7165346162436292,1.1378550096985516
5398,drugbank,6-CARBAMIMIDOYL-4-(3-HYDROXY-2-METHYL-BENZOYLAMINO)-NAPHTHALENE-2-CARBOXYLIC ACID METHYL ESTER,-0.4987311371399969,1.4235266940463387,0.7165346162436292,1.1378550096985516
10471,drugbank,MIBENRATIDE,-0.7195374580135505,1.4260647904139439,0.7165346162436292,1.1378550096985516
9716,drugbank,DEMOXYTOCIN,-0.9946128857453144,1.4278683620549104,0.7165346162436292,1.1378550096985516
7525,drugbank,PROTIRELIN,-1.4415378277071205,1.4340577745974574,0.7165346162436292,1.1378550096985516
9881,drugbank,FURAFYLLINE,-1.2772118750036912,1.5263625324863215,0.7165346162436292,1.1378550096985516
5185,drugbank,N-CYCLOOCTYLGLYCYL-N-(4-CARBAMIMIDOYLBENZYL)-L-PROLINAMIDE,-0.41249582989799993,1.529864576014302,0.7165346162436292,1.1378550096985516
4360,drugbank,"2,5-BIS-O-{3-[AMINO(IMINO)METHYL]PHENYL}-1,4:3,6-DIANHYDRO-D-GLUCITOL",-0.5562872387559795,1.5302090545622868,0.7165346162436292,1.1378550096985516
12018,broad,AZD7687,-0.42352300253349084,1.5302090545622868,0.7165346162436292,1.1378550096985516
15129,broad,GNTI,-1.0807134799040408,1.6084753476241913,0.7165346162436292,1.1378550096985516
10856,reframe,T-250,-0.21651147584379446,1.609102999688637,0.7165346162436292,1.1378550096985516
4,drugbank,DESMOPRESSIN,-1.1267313034483022,1.614027737927491,0.7165346162436292,1.1378550096985516
19939,broad,TEMOPORFIN,0.10262247064516591,1.615848615644319,0.7165346162436292,1.1378550096985516
10221,drugbank,PAMIPARIB,0.10818768038456772,1.615848615644319,0.7165346162436292,1.1378550096985516
8280,drugbank,TT-232,-2.913546306997109,1.615848615644319,0.7165346162436292,1.1378550096985516
10845,reframe,SC 52012,-0.6278085306443194,1.6165454611141885,0.7165346162436292,1.1378550096985516
11,drugbank,ABARELIX,-1.1971692823309246,1.6317579653575018,0.7165346162436292,1.1378550096985516
16006,broad,L-MONOMETHYLARGININE,-1.1302451726296723,1.6509494612180917,0.7165346162436292,1.1378550096985516
1899,drugbank,1-HYDROXY-2-ISOPROPYLGUANIDINE,-1.0768188863091352,1.6514267580968425,0.7165346162436292,1.1378550096985516
2204,drugbank,"6-[N-(1-ISOPROPYL-3,4-DIHYDRO-7-ISOQUINOLINYL)CARBAMYL]-2-NAPHTHALENECARBOXAMIDINE",-1.1874533917684302,1.6518400090300254,0.7165346162436292,1.1378550096985516
10829,reframe,S-18326,-1.1460669474826664,1.6518400090300254,0.7165346162436292,1.1378550096985516
3082,drugbank,"(2S,3R)-2-[[4-(TERT-BUTYLCARBAMOYL)PIPERAZINE-1-CARBONYL]AMINO]-6-(DIAMINOMETHYLIDENEAMINO)-3-FORMYLHEXANOIC ACID",-1.3630155409738978,1.667292078551999,0.7165346162436292,1.1378550096985516
10825,reframe,RPR-208566,-1.1329279941939425,1.6755999494865874,0.7165346162436292,1.1378550096985516
2206,drugbank,DEOXYAMIDINOPROCLAVAMINIC ACID,-1.12571458160959,1.6781471137135637,0.7165346162436292,1.1378550096985516
11250,broad,ACETYL-L-LEUCINE,-1.0798671958795163,1.6878623536736201,0.7165346162436292,1.1378550096985516
2278,drugbank,GLUTATHIONYLSPERMIDINE DISULFIDE,-1.1030979253068955,1.692640839547916,0.7165346162436292,1.1378550096985516
2132,drugbank,6-[N-(4-(AMINOMETHYL)PHENYL)CARBAMYL]-2-NAPHTHALENECARBOXAMIDINE,-1.073684208243827,1.692640839547916,0.7165346162436292,1.1378550096985516
5188,drugbank,6-(2-HYDROXY-CYCLOPENTYL)-7-OXO-HEPTANAMIDINE,-0.8325389091688953,1.698970004336019,0.7165346162436292,1.1378550096985516
6029,drugbank,"2-[2-(2-FLUOROPHENYL)PYRIDIN-4-YL]-1,5,6,7-TETRAHYDRO-4H-PYRROLO[3,2-C]PYRIDIN-4-ONE",-1.0864353795930866,1.7102003873038187,0.7165346162436292,1.1378550096985516
3646,drugbank,D-ARGININE,-1.135035523901449,1.7188215067393202,0.7165346162436292,1.1378550096985516
2823,drugbank,N(5)-[(HYDROXYAMINO)(IMINO)METHYL]-L-ORNITHINE,-1.1387539184048316,1.7319191061283588,0.7165346162436292,1.1378550096985516
8106,drugbank,BPC-157,-1.1063056534914306,1.7547318645285386,0.7165346162436292,1.1378550096985516
6989,drugbank,"(2R,3R)-N^1^-[(1S)-2,2-DIMETHYL-1-(METHYLCARBAMOYL)PROPYL]-N^4^-HYDROXY-2-(2-METHYLPROPYL)-3-{[(1,3-THIAZOL-2-YLCARBONYL)AMINO]METHYL}BUTANEDIAMIDE",-2.290386916278642,1.7730510700141895,0.7165346162436292,1.1378550096985516
13685,broad,DALARGIN,-1.0489518405467233,1.7928391446665728,0.7165346162436292,1.1378550096985516
4771,drugbank,L-AMINOCARNITYL-SUCCINYL-LEUCYL-ARGININAL-DIETHYLACETAL,-0.6442486366817695,1.8040967493149074,0.7165346162436292,1.1378550096985516
7961,drugbank,ACETYL HEXAPEPTIDE-3,-0.9841643988709927,1.8058043011800804,0.7165346162436292,1.1378550096985516
7959,drugbank,RAXATRIGINE,-0.9719525553336475,1.8064440560980473,0.7165346162436292,1.1378550096985516
10464,drugbank,LIVOLETIDE,-0.7378028313495995,1.8329682540914325,0.7165346162436292,1.1378550096985516
1834,drugbank,L-N(OMEGA)-NITROARGININE-(4R)-AMINO-L-PROLINE AMIDE,-3.226611203264517,1.8393407951528842,0.7165346162436292,1.1378550096985516
4998,drugbank,OMIGANAN,-1.6746684065766595,1.8447613856803178,0.7165346162436292,1.1378550096985516
8789,drugbank,LTX-109,-0.9643028632118404,1.844963123184119,0.7165346162436292,1.1378550096985516
6194,drugbank,3-FORMYL-2-HYDROXY-5-METHYL-HEXANOIC ACID HYDROXYAMIDE,-1.8060397206547432,1.8466438680602846,0.7165346162436292,1.1378550096985516
4244,drugbank,[(1S)-4-[[AMINO-[(2R)-2-AMINO-2-CARBOXYETHYL]SULFANYLMETHYLIDENE]AMINO]-1-CARBOXYBUTYL]AZANIUM,-1.3969679452317794,1.8558126567792472,0.7165346162436292,1.1378550096985516
12443,broad,BMS-983970,-1.2391758279217613,1.8729787317573614,0.7165346162436292,1.1378550096985516
8854,drugbank,MRX-I,-0.10769020028971982,1.8773986570105998,0.7165346162436292,1.1378550096985516
13473,broad,CP-471474,-0.10818655928480111,1.8773986570105998,0.7165346162436292,1.1378550096985516
1551,drugbank,CRA_10991,-0.09539102486800986,1.8773986570105998,0.7165346162436292,1.1378550096985516
1674,drugbank,2-(2-HYDROXY-5-METHOXY-PHENYL)-1H-BENZOIMIDAZOLE-5-CARBOXAMIDINE,-0.1104313938498004,1.8773986570105998,0.7165346162436292,1.1378550096985516
16324,broad,LY2157299,-0.11325624781170471,1.8773986570105998,0.7165346162436292,1.1378550096985516
5901,drugbank,(2R)-3-METHYL-1-PHENYL-2-BUTANYL [(2S)-1-OXO-2-HEXANYL]CARBAMATE,-0.7765099510122583,1.8773986570105998,0.7165346162436292,1.1378550096985516
6617,drugbank,"19-(CYCLOPROPYLAMINO)-4,6,7,15-TETRAHYDRO-5H-16,1-(AZENOMETHENO)-10,14-(METHENO)PYRAZOLO[4,3-O][1,3,9]TRIAZACYCLOHEXADECIN-8(9H)-ONE",-0.4294502149708382,1.8924854234595239,0.7165346162436292,1.1378550096985516
8021,drugbank,NRX-1074,-0.3721165408021168,1.8952680455319848,0.7165346162436292,1.1378550096985516
5204,drugbank,1-[(2R)-2-AMINOBUTANOYL]-N-(3-CHLOROBENZYL)-L-PROLINAMIDE,0.1319165092696062,1.8982532256564428,0.7165346162436292,1.1378550096985516
5182,drugbank,6-FLUORO-2-(2-HYDROXY-3-ISOBUTOXY-PHENYL)-1H-BENZOIMIDAZOLE-5-CARBOXAMIDINE,-0.5664262672979857,1.898549081337642,0.7165346162436292,1.1378550096985516
1821,drugbank,CRA_16847,-0.6279456456713479,1.906127857032747,0.7165346162436292,1.1378550096985516
12643,broad,BW-180C,-2.6245414972134764,1.9101813958684444,0.7165346162436292,1.1378550096985516
1747,drugbank,(4S)-5-[[(1S)-1-CARBOXY-2-CYCLOHEXYLETHYL]AMINO]-4-[[(2S)-2-[[(3R)-4-CYCLOHEXYL-2-OXO-3-(PHENYLMETHOXYCARBONYLAMINO)BUTANOYL]AMINO]-5-(DIAMINOMETHYLIDENEAMINO)PENTANOYL]AMINO]-5-OXOPENTANOIC ACID,-3.123934844874019,1.9109745094201562,0.7165346162436292,1.1378550096985516
6156,drugbank,(2R)-N-HYDROXY-3-NAPHTHALEN-2-YL-2-[(NAPHTHALEN-2-YLSULFONYL)AMINO]PROPANAMIDE,0.2546868518816621,2.039392772517636,0.7165346162436292,1.1378550096985516
9105,drugbank,BIGUANIDE,-0.496497349955034,2.039392772517636,0.7165346162436292,1.1378550096985516
3043,drugbank,ZK-806711,-0.622143382516928,2.0563838742632288,0.7165346162436292,1.1378550096985516
8202,drugbank,THYMOPENTIN,-3.121986170494527,2.2154669833587146,0.7165346162436292,1.1378550096985516
4184,drugbank,2-[2-ETHANESULFONYLAMINO-3-(5-PROPOXY-1H-INDOL-3-YL)-PROPIONYLAMINO]-PENTANEDIOIC ACID 5-AMIDE 1-(4-CARBAMIMIDOYL-BENZYLAMIDE),-1.0672213480874972,2.2262381934153055,0.7165346162436292,1.1378550096985516
2011,drugbank,[4-({[5-BENZYLOXY-1-(3-CARBAMIMIDOYL-BENZYL)-1H-INDOLE-2-CARBONYL]-AMINO}-METHYL)-PHENYL]-TRIMETHYL-AMMONIUM,-1.0629695974344886,2.230329829084034,0.7165346162436292,1.1378550096985516
2890,drugbank,BIS(5-AMIDINO-2-BENZIMIDAZOLYL)METHANE KETONE,-0.7750224842630715,2.2553586340288376,0.7165346162436292,1.1378550096985516
8103,drugbank,DUSQUETIDE,-1.3652983160726646,2.3239806067406668,0.7165346162436292,1.1378550096985516
5346,drugbank,3-HYDROXYPROPYL 3-[(7-CARBAMIMIDOYL-1-NAPHTHYL)CARBAMOYL]BENZENESULFONATE,0.3720404146770096,2.3239806067406668,0.7165346162436292,1.1378550096985516
2681,drugbank,CRA_10972,0.3773052793522268,2.3239806067406668,0.7165346162436292,1.1378550096985516
1521,drugbank,"NALPHA-(2-NAPHTHYLSULFONYLGLYCYL)-3-AMIDINO-D,L-PHENYLALANINE-ISOPROPYLESTER",0.3823306515379885,2.3239806067406668,0.7165346162436292,1.1378550096985516
2103,drugbank,CRA_10762,-0.16786287878913597,2.3296482455780545,0.7165346162436292,1.1378550096985516
8722,drugbank,ACLERASTIDE,-2.865105786306721,2.3296482455780545,0.7165346162436292,1.1378550096985516
14946,broad,FURAMIDINE,-0.1737657554470116,2.3296482455780545,0.7165346162436292,1.1378550096985516
20863,broad,XL888,-0.16568866291634143,2.3296482455780545,0.7165346162436292,1.1378550096985516
10813,reframe,BMS-654457,-0.46757101100034965,2.5802143763918077,0.7165346162436292,1.1378550096985516
3831,drugbank,NITROARGININE,-1.138911119669561,2.6433890843277945,0.7165346162436292,1.1378550096985516
3136,drugbank,TRANS-6-(2-PHENYLCYCLOPROPYL)-NAPHTHALENE-2-CARBOXAMIDINE,-0.6350327112911989,2.6476447702095873,0.7165346162436292,1.1378550096985516
2554,drugbank,N-(3-PROPYLCARBAMOYLOXIRANE-2-CARBONYL)-ISOLEUCYL-PROLINE,-0.14939659157231167,2.6476447702095873,0.7165346162436292,1.1378550096985516
9042,drugbank,TUCARESOL,-0.1467773954665541,2.6476447702095873,0.7165346162436292,1.1378550096985516
2618,drugbank,"BIPHENYL-2,3-DIOL",0.3858987667417114,2.651919189087123,0.7165346162436292,1.1378550096985516
2276,drugbank,"6-[N-(4-ETHYL-1,2,3,4-TETRAHYDRO-6-ISOQUINOLINYL)CARBAMYL]-2-NAPHTHALENECARBOXAMIDINE",-0.7932236929884097,2.652213613949111,0.7165346162436292,1.1378550096985516
1838,drugbank,BIS-BENZAMIDINE,-0.5469716761844307,2.69447287966561,0.7165346162436292,1.1378550096985516
8744,drugbank,SAMATASVIR,-0.9298712452943687,2.715529131927841,0.7165346162436292,1.1378550096985516
4018,drugbank,4-EPI-VANCOSAMINYL DERIVATIVE OF VANCOMYCIN,-0.9052768752348029,2.8932692112533025,0.7165346162436292,1.1378550096985516
3723,drugbank,"[4-(1,3,2-DIOXABOROLAN-2-YLOXY)METHYL]BENZAMIDINE",-0.23245090992035627,2.895307454119886,0.7165346162436292,1.1378550096985516
6142,drugbank,6-CHLORO-N-{(3S)-1-[(1S)-1-METHYL-2-(4-MORPHOLINYL)-2-OXO ETHYL]-2-OXO-3-PYRROLIDINYL}-2-NAPHTHALENESULFONAMIDE,-0.2317017975025673,2.895307454119886,0.7165346162436292,1.1378550096985516
