,source,name,morgan_fingerprint,predictions,pred_value,validation_RMSE
10797,reframe,NAFAMOSTAT,[0 0 0 ... 0 0 0],1.0,-4.573875784505932,0.9440120268128477
19603,broad,SUBSTANCE-P,[0 1 0 ... 0 0 0],1.0,-3.2701271116644577,0.9440120268128477
10749,reframe,CAMOSTAT,[0 0 0 ... 0 0 0],1.0,-3.0637537628476714,0.9440120268128477
4725,drugbank,"SAR9, MET (O2)11-SUBSTANCE P",[0 1 0 ... 0 0 0],1.0,-2.87892543942154,0.9440120268128477
10877,broad,"[SAR9,MET(O2)11]-SUBSTANCE-P",[0 1 0 ... 0 0 0],1.0,-2.87892543942154,0.9440120268128477
10789,reframe,RWJ-58643,[0 1 0 ... 0 0 0],1.0,-2.2314671711269183,0.9440120268128477
10747,reframe,SEPIMOSTAT MESILATE,[0 0 0 ... 0 0 0],1.0,-2.1197711780480386,0.9440120268128477
2513,drugbank,RWJ-56423,[0 1 0 ... 0 0 0],1.0,-2.051522599876775,0.9440120268128477
10791,reframe,TELAPREVIR,[0 1 1 ... 0 0 0],1.0,-2.0134049565637016,0.9440120268128477
10815,reframe,ATECEGATRAN,[0 1 0 ... 0 0 0],1.0,-1.9817614137854342,0.9440120268128477
2928,drugbank,RWJ-51084,[0 1 0 ... 0 0 0],1.0,-1.8876874863213176,0.9440120268128477
20636,broad,VASOPRESSIN,[0 1 0 ... 0 0 0],1.0,-1.8456065674576991,0.9440120268128477
16384,broad,LYPRESSIN,[0 1 0 ... 0 0 0],1.0,-1.7570730315191927,0.9440120268128477
10762,reframe,SN-429,[0 0 0 ... 0 0 0],1.0,-1.7145446184655257,0.9440120268128477
2276,drugbank,"6-[N-(4-ETHYL-1,2,3,4-TETRAHYDRO-6-ISOQUINOLINYL)CARBAMYL]-2-NAPHTHALENECARBOXAMIDINE",[0 0 0 ... 0 0 0],1.0,-1.6659827493928292,0.9440120268128477
2890,drugbank,BIS(5-AMIDINO-2-BENZIMIDAZOLYL)METHANE KETONE,[0 0 0 ... 0 0 0],1.0,-1.6203960610335515,0.9440120268128477
10798,reframe,BOCEPREVIR,[0 1 0 ... 0 0 0],1.0,-1.6085610884791703,0.9440120268128477
531,drugbank,GONADORELIN,[0 1 0 ... 0 0 0],1.0,-1.595435678650478,0.9440120268128477
11708,broad,ANTAGONIST-G,[0 1 0 ... 0 0 0],1.0,-1.5885087267911202,0.9440120268128477
1649,drugbank,BIS(5-AMIDINO-2-BENZIMIDAZOLYL)METHANONE,[0 0 0 ... 0 0 0],1.0,-1.5353226342781499,0.9440120268128477
4329,drugbank,2-[2-ETHANESULFONYLAMINO-3-(1H-INDOL-3-YL)-PROPIONYLAMINO]-PENTANEDIOIC ACID 5-AMIDE 1-(4-CARBAMIM IDOYL-BENZYLAMIDE),[0 1 0 ... 0 0 0],1.0,-1.5158387651099086,0.9440120268128477
2028,drugbank,2-(2-HYDROXY-PHENYL)-3H-BENZOIMIDAZOLE-5-CARBOXAMIDINE,[0 0 0 ... 0 0 0],1.0,-1.4977417207780523,0.9440120268128477
9408,drugbank,ORNIPRESSIN,[0 1 0 ... 0 0 0],1.0,-1.4863572346424712,0.9440120268128477
9,drugbank,FELYPRESSIN,[0 1 0 ... 0 0 0],1.0,-1.4689414406850128,0.9440120268128477
3852,drugbank,CRA_23653,[0 0 0 ... 0 0 0],1.0,-1.4676614394666752,0.9440120268128477
10549,drugbank,MODIMELANOTIDE,[0 1 0 ... 0 0 0],1.0,-1.448001771954371,0.9440120268128477
15504,broad,ICATIBANT-ACETATE,[0 1 0 ... 0 0 0],1.0,-1.4133631376654976,0.9440120268128477
4808,drugbank,ICATIBANT,[0 1 0 ... 0 0 0],1.0,-1.4133631376654971,0.9440120268128477
2706,drugbank,CRA_1801,[0 0 0 ... 0 0 0],1.0,-1.3968965959260935,0.9440120268128477
2204,drugbank,"6-[N-(1-ISOPROPYL-3,4-DIHYDRO-7-ISOQUINOLINYL)CARBAMYL]-2-NAPHTHALENECARBOXAMIDINE",[0 1 0 ... 0 0 0],1.0,-1.3862844673214973,0.9440120268128477
15136,broad,GOSERELIN-ACETATE,[0 1 0 ... 0 0 0],1.0,-1.3122051116858202,0.9440120268128477
4631,drugbank,CZEN 002,[0 1 0 ... 0 0 0],1.0,-1.2787809095536717,0.9440120268128477
1821,drugbank,CRA_16847,[0 1 0 ... 0 0 0],1.0,-1.228830839876032,0.9440120268128477
3206,drugbank,CRA_11092,[0 0 0 ... 0 0 0],1.0,-1.222084625507376,0.9440120268128477
4998,drugbank,OMIGANAN,[0 1 0 ... 0 0 0],1.0,-1.182860704285819,0.9440120268128477
14256,broad,EG00229,[0 1 0 ... 0 0 0],1.0,-1.1578379989126608,0.9440120268128477
4337,drugbank,N-[1-(4-CARBAMIMIDOYL-BENZYLCARBAMOYL)-3-METHYLSULFANYL-PROPYL]-3-HYDROXY-2-PROPOXYAMINO-BUTYRAMID,[0 1 0 ... 0 0 0],1.0,-1.1547334006473953,0.9440120268128477
6101,drugbank,"5-(5-CHLORO-2-THIENYL)-N-{(3S)-1-[(1S)-1-METHYL-2-MORPHOLIN-4-YL-2-OXOETHYL]-2-OXOPYRROLIDIN-3-YL}-1H-1,2,4-TRIAZOLE-3-SULFONAMIDE",[0 1 0 ... 0 0 0],1.0,-1.1310028001337877,0.9440120268128477
16338,broad,LY255283,[0 0 0 ... 0 0 0],1.0,-1.128691063727841,0.9440120268128477
1674,drugbank,2-(2-HYDROXY-5-METHOXY-PHENYL)-1H-BENZOIMIDAZOLE-5-CARBOXAMIDINE,[0 0 0 ... 0 0 0],1.0,-1.0963357474375894,0.9440120268128477
5013,drugbank,OTAMIXABAN,[0 1 0 ... 0 0 0],1.0,-1.0956094471107611,0.9440120268128477
14946,broad,FURAMIDINE,[0 0 0 ... 0 0 0],1.0,-1.0719856456444867,0.9440120268128477
7825,drugbank,DESLORELIN,[0 1 0 ... 0 0 0],1.0,-1.063821637130388,0.9440120268128477
11548,broad,AMIKACIN,[0 1 0 ... 0 0 0],1.0,-1.061877301851788,0.9440120268128477
12941,broad,CEFOTIAM-CILEXETIL,[0 1 1 ... 0 0 0],1.0,-1.0610376220895748,0.9440120268128477
10827,reframe,SZ-042,[0 0 0 ... 0 0 0],1.0,-1.0524021628110471,0.9440120268128477
1510,drugbank,"2-{2-HYDROXY-[1,1'-BIPHENYL]-3-YL}-1H-1,3-BENZODIAZOLE-5-CARBOXIMIDAMIDE",[0 0 0 ... 0 0 0],1.0,-1.0453961992798,0.9440120268128477
5154,drugbank,TRIPTORELIN,[0 1 0 ... 0 0 0],1.0,-1.0265533700742124,0.9440120268128477
6143,drugbank,5-CHLORO-N-{(3S)-1-[(2S)-1-(4-MORPHOLINYL)-1-OXO-2-PROPANYL]-2-OXO-3-PYRROLIDINYL}-1H-INDOLE-2-SULFONAMIDE,[0 1 0 ... 0 0 0],1.0,-1.0142206978794164,0.9440120268128477
8311,drugbank,BRADYKININ,[0 1 0 ... 0 0 0],1.0,-1.0122836039853516,0.9440120268128477
1,drugbank,LEUPROLIDE,[0 1 0 ... 0 0 0],1.0,-1.000941083892953,0.9440120268128477
5529,drugbank,2-(4-HYDROXY-5-PHENYL-1H-PYRAZOL-3-YL)-1H-BENZOIMIDAZOLE-5-CARBOXAMIDINE,[0 0 0 ... 0 0 0],1.0,-0.9993759587332423,0.9440120268128477
13988,broad,DIMINAZENE-ACETURATE,[0 0 0 ... 0 0 0],1.0,-0.969753445083979,0.9440120268128477
3254,drugbank,DIMINAZENE,[0 0 0 ... 0 0 0],1.0,-0.969753445083979,0.9440120268128477
10826,reframe,SE-170,[0 0 0 ... 0 0 0],1.0,-0.9686982769792591,0.9440120268128477
6142,drugbank,6-CHLORO-N-{(3S)-1-[(1S)-1-METHYL-2-(4-MORPHOLINYL)-2-OXO ETHYL]-2-OXO-3-PYRROLIDINYL}-2-NAPHTHALENESULFONAMIDE,[0 1 0 ... 0 0 0],1.0,-0.9656047501145193,0.9440120268128477
12133,broad,BCX-1470,[0 0 0 ... 0 0 0],1.0,-0.9403276935383122,0.9440120268128477
10813,reframe,BMS-654457,[0 1 0 ... 0 0 0],1.0,-0.9320982221115848,0.9440120268128477
10211,drugbank,HYDROXYSTILBAMIDINE,[0 0 0 ... 0 0 0],1.0,-0.9038075155608374,0.9440120268128477
3904,drugbank,BIS(5-AMIDINO-2-BENZIMIDAZOLYL)METHANE KETONE HYDRATE,[0 0 0 ... 0 0 0],1.0,-0.8901958236913273,0.9440120268128477
20089,broad,THIOSTREPTON,[0 1 0 ... 1 1 0],1.0,-0.8774261300109064,0.9440120268128477
3287,drugbank,CRA_1144,[0 0 0 ... 0 0 0],1.0,-0.856495652426547,0.9440120268128477
2253,drugbank,CRA_10655,[0 0 0 ... 0 0 0],1.0,-0.8510540825912812,0.9440120268128477
4479,drugbank,AFAMELANOTIDE,[0 1 0 ... 0 0 0],1.0,-0.8479929279559253,0.9440120268128477
1841,drugbank,CRA_17312,[0 1 0 ... 0 0 0],1.0,-0.8444269422905608,0.9440120268128477
2681,drugbank,CRA_10972,[0 1 0 ... 0 0 0],1.0,-0.8431676746809954,0.9440120268128477
11902,broad,ATOSIBAN,[0 1 0 ... 0 0 0],1.0,-0.8393271972803776,0.9440120268128477
5188,drugbank,6-(2-HYDROXY-CYCLOPENTYL)-7-OXO-HEPTANAMIDINE,[0 1 0 ... 0 0 0],1.0,-0.8272413004804903,0.9440120268128477
10825,reframe,RPR-208566,[0 1 0 ... 0 0 0],1.0,-0.8255583919489081,0.9440120268128477
5688,drugbank,4-(METHYLSULFONYL)BENZENECARBOXIMIDAMIDE,[0 0 0 ... 0 0 0],1.0,-0.8155544342706319,0.9440120268128477
3783,drugbank,"[2,4,6-TRIISOPROPYL-PHENYLSULFONYL-L-[3-AMIDINO-PHENYLALANINE]]-PIPERAZINE-N'-BETA-ALANINE",[0 1 0 ... 0 0 0],1.0,-0.8126330027626891,0.9440120268128477
2766,drugbank,6-[(Z)-AMINO(IMINO)METHYL]-N-[4-(AMINOMETHYL)PHENYL]-4-(PYRIMIDIN-2-YLAMINO)-2-NAPHTHAMIDE,[0 0 0 ... 0 0 0],1.0,-0.8026581586364152,0.9440120268128477
19997,broad,TERLIPRESSIN,[0 1 0 ... 0 0 0],1.0,-0.8012334491230303,0.9440120268128477
684,drugbank,COLISTIN,[0 1 0 ... 0 0 0],1.0,-0.7961170426027038,0.9440120268128477
3677,drugbank,8-(PYRIMIDIN-2-YLAMINO)NAPHTHALENE-2-CARBOXIMIDAMIDE,[0 0 0 ... 0 0 0],1.0,-0.7924254760948615,0.9440120268128477
553,drugbank,NAFARELIN,[0 1 0 ... 0 0 0],1.0,-0.79002537525773,0.9440120268128477
13545,broad,CUDC-427,[0 1 1 ... 0 0 0],1.0,-0.783123818791613,0.9440120268128477
8481,drugbank,GDC-0917,[0 1 1 ... 0 0 0],1.0,-0.783123818791613,0.9440120268128477
13008,broad,CEPHALOSPORIN-C-ZN,[0 1 0 ... 0 0 0],1.0,-0.7789946722465052,0.9440120268128477
1549,drugbank,HEMI-BABIM,[0 0 0 ... 0 0 0],1.0,-0.7646697777512166,0.9440120268128477
1528,drugbank,N-ALPHA-(2-NAPHTHYLSULFONYL)-N(3-AMIDINO-L-PHENYLALANINYL)ISOPIPECOLINIC ACID METHYL ESTER,[0 1 0 ... 0 0 0],1.0,-0.7447092304311906,0.9440120268128477
2103,drugbank,CRA_10762,[0 0 0 ... 0 0 0],1.0,-0.7436323050480692,0.9440120268128477
10848,reframe,ANATIBANT,[0 0 0 ... 0 0 0],1.0,-0.7208328592543662,0.9440120268128477
5125,drugbank,HISTRELIN,[0 1 0 ... 0 0 0],1.0,-0.7187024495984258,0.9440120268128477
12704,broad,CAMOSTAT-MESILATE,[0 0 0 ... 0 0 0],1.0,-0.694599373446929,0.9440120268128477
2417,drugbank,"6-[N-(1-ISOPROPYL-1,2,3,4-TETRAHYDRO-7-ISOQUINOLINYL)CARBAMYL]-2-NAPHTHALENECARBOXAMIDINE",[0 1 0 ... 0 0 0],1.0,-0.6903297119016215,0.9440120268128477
5046,drugbank,ARBEKACIN,[0 1 0 ... 0 0 0],1.0,-0.6422521150955732,0.9440120268128477
4019,drugbank,ZK-805623,[0 0 0 ... 0 0 0],1.0,-0.6385749716068252,0.9440120268128477
3242,drugbank,CRA_9785,[0 0 0 ... 0 0 0],1.0,-0.6365539269796505,0.9440120268128477
5400,drugbank,6-[(Z)-AMINO(IMINO)METHYL]-N-[3-(CYCLOPENTYLOXY)PHENYL]-2-NAPHTHAMIDE,[0 0 0 ... 0 0 0],1.0,-0.6286673314415261,0.9440120268128477
2307,drugbank,4-(HYDROXYMETHYL)BENZAMIDINE,[0 0 0 ... 0 0 0],1.0,-0.6222941898086117,0.9440120268128477
1491,drugbank,BIS(5-AMIDINO-BENZIMIDAZOLYL)METHANE,[0 0 0 ... 0 0 0],1.0,-0.615600339697586,0.9440120268128477
5272,drugbank,1-[(2R)-2-AMINOBUTANOYL]-N-(4-CARBAMIMIDOYLBENZYL)-L-PROLINAMIDE,[0 1 0 ... 0 0 0],1.0,-0.6090477251913586,0.9440120268128477
12012,broad,AZD5582,[0 1 1 ... 0 0 0],1.0,-0.5966282798463498,0.9440120268128477
1838,drugbank,BIS-BENZAMIDINE,[0 0 0 ... 0 0 0],1.0,-0.5956803647692832,0.9440120268128477
4171,drugbank,3-({1-[3-CARBAMIMIDOYL-1-(4-CARBAMIMIDOYL-BENZYLCARBAMOYL)-PROPYLCARBAMOYL]-2-METHYL-BUTYLSULFAMOYL}-METHYL)-BENZOIC ACID,[0 1 0 ... 0 0 0],1.0,-0.5920827359426195,0.9440120268128477
11386,broad,ALARELIN,[0 1 0 ... 0 0 0],1.0,-0.5912100874650397,0.9440120268128477
4269,drugbank,TRANS-4-(GUANIDINOMETHYL)-CYCLOHEXANE-L-YL-D-3-CYCLOHEXYLALANYL-L-AZETIDINE-2-YL-D-TYROSINYL-L-HOMOARGININAMIDE,[0 1 1 ... 0 0 0],1.0,-0.5825976683083672,0.9440120268128477
4012,drugbank,RPR128515,[0 1 0 ... 0 0 0],1.0,-0.56477788101457,0.9440120268128477
10859,reframe,RPR-128515,[0 1 0 ... 0 0 0],1.0,-0.56477788101457,0.9440120268128477
9475,drugbank,ISEPAMICIN,[0 1 0 ... 0 0 0],1.0,-0.5567794546164806,0.9440120268128477
8709,drugbank,PLAZOMICIN,[0 1 0 ... 0 0 0],1.0,-0.5553843313641796,0.9440120268128477
3008,drugbank,1-(2-AMIDINOPHENYL)-3-(PHENOXYPHENYL)UREA,[0 0 0 ... 0 0 0],1.0,-0.5487913961237872,0.9440120268128477
6276,drugbank,+/-METHYL 4-(AMINOIMINOMETHYL)-BETA-[3- INH (AMINOIMINO)PHENYL]BENZENE PENTANOATE,[0 1 0 ... 0 0 0],1.0,-0.5474326495473589,0.9440120268128477
2132,drugbank,6-[N-(4-(AMINOMETHYL)PHENYL)CARBAMYL]-2-NAPHTHALENECARBOXAMIDINE,[0 0 0 ... 0 0 0],1.0,-0.5470897500166161,0.9440120268128477
2,drugbank,GOSERELIN,[0 1 0 ... 0 0 0],1.0,-0.5391790526593492,0.9440120268128477
8191,drugbank,LETAXABAN,[0 1 0 ... 0 0 0],1.0,-0.5371552922811722,0.9440120268128477
4028,drugbank,"IMINO[2-(2-OXO-1,2-DIHYDRO-3-PYRIDINYL)-1H-BENZIMIDAZOL-5-YL]METHANAMINIUM",[0 0 0 ... 0 0 0],1.0,-0.5273425158251035,0.9440120268128477
10764,reframe,MELAGATRAN,[0 1 1 ... 0 0 0],1.0,-0.512175276900894,0.9440120268128477
6814,drugbank,"4-[(3AS,4R,7R,8AS,8BR)-2-(1,3-BENZODIOXOL-5-YLMETHYL)-7-HYDROXY-1,3-DIOXODECAHYDROPYRROLO[3,4-A]PYRROLIZIN-4-YL]BENZENECARBOXIMIDAMIDE",[0 0 0 ... 0 0 0],1.0,-0.502499649275281,0.9440120268128477
8502,drugbank,BETRIXABAN,[0 0 0 ... 0 0 0],1.0,-0.49383015060149715,0.9440120268128477
10820,reframe,DX-9065A,[0 1 0 ... 0 0 0],1.0,-0.47243722673294053,0.9440120268128477
17266,broad,NISIN,[0 1 0 ... 0 1 0],1.0,-0.46690253851463603,0.9440120268128477
3136,drugbank,TRANS-6-(2-PHENYLCYCLOPROPYL)-NAPHTHALENE-2-CARBOXAMIDINE,[0 0 0 ... 0 0 0],1.0,-0.466809311369939,0.9440120268128477
7953,drugbank,SETMELANOTIDE,[0 1 0 ... 0 0 0],1.0,-0.45818226740802387,0.9440120268128477
4464,drugbank,XIMELAGATRAN,[0 1 1 ... 0 0 0],1.0,-0.45184178963655885,0.9440120268128477
18536,broad,PUMOSETRAG,[0 0 0 ... 0 0 0],1.0,-0.45175625129764196,0.9440120268128477
5320,drugbank,D-LEUCYL-N-(4-CARBAMIMIDOYLBENZYL)-L-PROLINAMIDE,[0 1 0 ... 0 0 0],1.0,-0.4472596963619122,0.9440120268128477
10394,drugbank,ABT-639,[0 0 0 ... 0 0 0],1.0,-0.4454247265715997,0.9440120268128477
2017,drugbank,"[2-AMINOMETHYL-5-OXO-4-(4-OXO-CYCLOHEXA-2,5-DIENYLMETHYL)-4,5-DIHYDRO-IMIDAZOL-1-YL] -ACETALDEHYDE",[0 0 0 ... 0 0 0],1.0,-0.4371693555919543,0.9440120268128477
5195,drugbank,1-[2-AMINO-2-CYCLOHEXYL-ACETYL]-PYRROLIDINE-3-CARBOXYLIC ACID 5-CHLORO-2-(2-ETHYLCARBAMOYL-ETHOXY)-BENZYLAMIDE,[0 1 1 ... 0 0 0],1.0,-0.42595248096578453,0.9440120268128477
1740,drugbank,6-(N-PHENYLCARBAMYL)-2-NAPHTHALENECARBOXAMIDINE,[0 0 0 ... 0 0 0],1.0,-0.423136102858463,0.9440120268128477
5812,drugbank,"N-(4-{[AMINO(IMINO)METHYL]AMINO}BUTYL)-2,4'-BI-1,3-THIAZOLE-4-CARBOXAMIDE",[0 0 0 ... 0 0 0],1.0,-0.42085674749595225,0.9440120268128477
12490,broad,BREMELANOTIDE,[0 1 0 ... 0 0 0],1.0,-0.41981143291539125,0.9440120268128477
407,drugbank,CASPOFUNGIN,[0 1 0 ... 0 0 0],1.0,-0.39876123484167536,0.9440120268128477
8305,drugbank,AVORALSTAT,[0 0 0 ... 0 0 0],1.0,-0.39871899889336393,0.9440120268128477
2572,drugbank,CRA_1802,[0 0 0 ... 0 0 0],1.0,-0.39706019451052765,0.9440120268128477
5455,drugbank,(S)-N-(4-CARBAMIMIDOYLBENZYL)-1-(3-CYCLOHEXYLPROPANOYL)PYRROLIDINE-2-CARBOXAMIDE,[0 0 1 ... 0 0 0],1.0,-0.3852376600791898,0.9440120268128477
5419,drugbank,(S)-N-(4-CARBAMIMIDOYLBENZYL)-1-(3-CYCLOPENTYLPROPANOYL)PYRROLIDINE-2-CARBOXAMIDE,[0 0 0 ... 0 0 0],1.0,-0.3831782623191773,0.9440120268128477
10769,reframe,DAREXABAN,[0 0 0 ... 0 0 0],1.0,-0.3764078081428124,0.9440120268128477
8930,drugbank,PSI-352938,[0 1 0 ... 0 0 0],1.0,-0.3728819253950746,0.9440120268128477
2348,drugbank,"1-[3,3-DIMETHYL-2-(2-METHYLAMINO-PROPIONYLAMINO)-BUTYRYL]-PYRROLIDINE-2-CARBOXYLIC ACID(1,2,3,4-TETRAHYDRO-NAPHTHALEN-1-YL)-AMIDE",[0 1 0 ... 0 0 0],1.0,-0.3717772738390006,0.9440120268128477
10854,reframe,PROPAMIDINE,[0 0 0 ... 0 0 0],1.0,-0.3607601480716982,0.9440120268128477
6764,drugbank,4-({4-[(6-CHLORO-1-BENZOTHIEN-2-YL)SULFONYL]-2-OXOPIPERAZIN-1-YL}METHYL)BENZENECARBOXIMIDAMIDE,[0 0 0 ... 0 0 0],1.0,-0.3593192883253493,0.9440120268128477
4055,drugbank,CRA_10656,[0 1 0 ... 0 0 0],1.0,-0.34441081429937936,0.9440120268128477
16679,broad,METHYLPREDNISOLONE-ACEPONATE,[0 0 0 ... 0 0 0],1.0,-0.33554887141387457,0.9440120268128477
10140,drugbank,METHYLPREDNISOLONE ACEPONATE,[0 0 0 ... 0 0 0],1.0,-0.33554887141387457,0.9440120268128477
8371,drugbank,TRV-120027,[0 1 0 ... 0 0 0],1.0,-0.32885220433291185,0.9440120268128477
10550,drugbank,COBLOPASVIR,[0 1 0 ... 0 0 0],1.0,-0.32533229691956445,0.9440120268128477
2452,drugbank,RPR131247,[0 0 0 ... 0 0 0],1.0,-0.3243501998010787,0.9440120268128477
3116,drugbank,METHYL (2S)-2-[[2-[(3R)-1-CARBAMIMIDOYLPIPERIDIN-3-YL]ACETYL]AMINO]-3-[4-(2-PHENYLETHYNYL)PHENYL]PROPANOATE,[0 1 0 ... 0 0 0],1.0,-0.3174911243733084,0.9440120268128477
5398,drugbank,6-CARBAMIMIDOYL-4-(3-HYDROXY-2-METHYL-BENZOYLAMINO)-NAPHTHALENE-2-CARBOXYLIC ACID METHYL ESTER,[0 0 0 ... 0 0 0],1.0,-0.3156526356780902,0.9440120268128477
3629,drugbank,ZINC;[AMINO-[2-[[5-[AMINO(AZANIUMYLIDENE)METHYL]BENZIMIDAZOL-1-ID-2-YL]METHYL]BENZIMIDAZOL-1-ID-5-YL]METHYLIDENE]AZANIUM,[0 0 0 ... 0 0 0],1.0,-0.3071945718535798,0.9440120268128477
4,drugbank,DESMOPRESSIN,[0 1 0 ... 0 0 0],1.0,-0.30114078006366696,0.9440120268128477
5104,drugbank,SARALASIN,[0 1 0 ... 0 0 0],1.0,-0.294687042916582,0.9440120268128477
3605,drugbank,MORPHOLINE-4-CARBOXYLIC ACID [1-(2-BENZYLSULFANYL-1-FORMYL-ETHYLCARBAMOYL)-2-PHENYL-ETHYL]-AMIDE,[0 1 0 ... 0 0 0],1.0,-0.28375355248042466,0.9440120268128477
10821,reframe,AZD-8165,[0 1 0 ... 0 0 0],1.0,-0.2800041530306432,0.9440120268128477
10843,reframe,WX-UK1,[0 1 0 ... 0 0 0],1.0,-0.2713712224577578,0.9440120268128477
3739,drugbank,N-ALPHA-(2-NAPHTHYLSULFONYL)-N(3-AMIDINO-L-PHENYLALANINYL)-4-ACETYL-PIPERAZINE,[0 1 0 ... 0 0 0],1.0,-0.26579205213586754,0.9440120268128477
5127,drugbank,LANREOTIDE,[0 1 0 ... 0 0 0],1.0,-0.2623611888495406,0.9440120268128477
6170,drugbank,"5-CHLORO-THIOPHENE-2-CARBOXYLIC ACID ((3S,4S)-1-{[2-FLUORO-4-(2-OXO-2H-PYRIDIN-1-YL)-PHENYLCARBAMOYL]-METHYL}-4-HYDROXY-PYRROLIDIN-3-YL)-AMIDE",[0 0 0 ... 0 0 0],1.0,-0.2589953532004662,0.9440120268128477
10834,reframe,KFA-1829,[0 0 0 ... 0 0 0],1.0,-0.2553729033705572,0.9440120268128477
10838,reframe,DMP-802,[0 1 0 ... 0 0 0],1.0,-0.2545203470170855,0.9440120268128477
10828,reframe,NAPSAGATRAN,[0 1 0 ... 0 0 0],1.0,-0.24942117865967472,0.9440120268128477
5874,drugbank,"1-{7-CYCLOHEXYL-6-[4-(4-METHYLPIPERAZIN-1-YL)BENZYL]-7H-PYRROLO[2,3-D]PYRIMIDIN-2-YL}METHANAMINE",[0 0 1 ... 0 1 0],1.0,-0.24678950798171695,0.9440120268128477
5180,drugbank,CHIR-124,[0 0 0 ... 0 0 0],1.0,-0.23956349516523157,0.9440120268128477
7270,drugbank,EDOXABAN,[0 0 0 ... 0 0 0],1.0,-0.22019773491675665,0.9440120268128477
6756,drugbank,3-({4-[(6-CHLORO-1-BENZOTHIEN-2-YL)SULFONYL]-2-OXOPIPERAZIN-1-YL}METHYL)BENZENECARBOXIMIDAMIDE,[0 0 0 ... 0 0 0],1.0,-0.21636005448236717,0.9440120268128477
10852,reframe,RPR-132747,[0 0 0 ... 0 0 0],1.0,-0.21636005448236717,0.9440120268128477
7968,drugbank,ENCORAFENIB,[0 1 0 ... 0 0 0],1.0,-0.20566160109750198,0.9440120268128477
5415,drugbank,(S)-N-(4-CARBAMIMIDOYLBENZYL)-1-(2-(CYCLOHEXYLOXY)ETHANOYL)PYRROLIDINE-2-CARBOXAMIDE,[0 0 1 ... 0 0 0],1.0,-0.20292282360236769,0.9440120268128477
17639,broad,OTS514,[0 1 0 ... 0 0 0],1.0,-0.20219556550272888,0.9440120268128477
6106,drugbank,4-({[4-(3-METHYLBENZOYL)PYRIDIN-2-YL]AMINO}METHYL)BENZENECARBOXIMIDAMIDE,[0 0 0 ... 0 0 0],1.0,-0.20148723404945734,0.9440120268128477
5412,drugbank,(S)-N-(4-CARBAMIMIDOYLBENZYL)-1-(2-(CYCLOPENTYLOXY)ETHANOYL)PYRROLIDINE-2-CARBOXAMIDE,[0 0 0 ... 0 0 0],1.0,-0.20086342584235517,0.9440120268128477
5821,drugbank,4-(5-BENZENESULFONYLAMINO-1-METHYL-1H-BENZOIMIDAZOL-2-YLMETHYL)-BENZAMIDINE,[0 0 0 ... 0 0 0],1.0,-0.17961052139234612,0.9440120268128477
11672,broad,ANAMORELIN,[0 1 0 ... 0 0 0],1.0,-0.17171964997314138,0.9440120268128477
8112,drugbank,CILENGITIDE,[0 1 0 ... 0 0 0],1.0,-0.16805772521490558,0.9440120268128477
4168,drugbank,(2R)-({4-[AMINO(IMINO)METHYL]PHENYL}AMINO){5-ETHOXY-2-FLUORO-3-[(3R)-TETRAHYDROFURAN-3-YLOXY]PHENYL}ACETICACID,[0 1 0 ... 0 0 0],1.0,-0.16475811189332967,0.9440120268128477
10324,drugbank,MOTIXAFORTIDE,[0 1 0 ... 0 0 0],1.0,-0.1596809403409265,0.9440120268128477
8484,drugbank,RADEZOLID,[0 0 0 ... 0 0 0],1.0,-0.1567320143788229,0.9440120268128477
9483,drugbank,DIBROMPROPAMIDINE,[0 0 0 ... 0 0 0],1.0,-0.14655294323927492,0.9440120268128477
10847,reframe,RO-44-3888,[0 1 0 ... 0 0 0],1.0,-0.14289394507590958,0.9440120268128477
8773,drugbank,GUSPERIMUS,[0 1 0 ... 0 0 0],1.0,-0.12843153776748006,0.9440120268128477
3936,drugbank,1-(4-AMIDINOPHENYL)-3-(4-CHLOROPHENYL)UREA,[0 0 0 ... 0 0 0],1.0,-0.12696353025643736,0.9440120268128477
10863,reframe,ROXIFIBAN,[0 1 0 ... 0 0 0],1.0,-0.1182215286627063,0.9440120268128477
10858,reframe,RO-43-8857,[0 0 0 ... 0 0 0],1.0,-0.11476869319698535,0.9440120268128477
5592,drugbank,"4-[(3R)-3-AMINO-4-(2,4,5-TRIFLUOROPHENYL)BUTANOYL]-3-(2,2,2-TRIFLUOROETHYL)-1,4-DIAZEPAN-2-ONE",[0 1 0 ... 0 0 0],1.0,-0.10922065153263727,0.9440120268128477
10823,reframe,JTV-803,[0 0 0 ... 0 0 0],1.0,-0.10510756475377536,0.9440120268128477
5346,drugbank,3-HYDROXYPROPYL 3-[(7-CARBAMIMIDOYL-1-NAPHTHYL)CARBAMOYL]BENZENESULFONATE,[0 0 0 ... 0 0 0],1.0,-0.09976478821075307,0.9440120268128477
5254,drugbank,1-BUTANOYL-N-(4-CARBAMIMIDOYLBENZYL)-L-PROLINAMIDE,[0 0 0 ... 0 0 0],1.0,-0.0983435229006111,0.9440120268128477
2029,drugbank,CRA-9334,[0 0 0 ... 0 0 0],1.0,-0.09490587039013154,0.9440120268128477
16150,broad,LGX818,[0 1 0 ... 0 0 0],1.0,-0.05824224188571403,0.9440120268128477
4970,drugbank,LABRADIMIL,[0 1 0 ... 0 0 0],1.0,-0.04760455741521796,0.9440120268128477
4841,drugbank,AMELUBANT,[0 1 0 ... 0 0 0],1.0,-0.04433888774206274,0.9440120268128477
9100,drugbank,JTK-853,[0 0 0 ... 0 0 0],1.0,-0.04264937520607015,0.9440120268128477
10855,reframe,TO-195,[0 0 0 ... 0 0 0],1.0,-0.04078022813686466,0.9440120268128477
10835,reframe,KFA-1982,[0 0 0 ... 0 0 0],1.0,-0.03245536898917689,0.9440120268128477
10524,drugbank,EDRATIDE,[0 1 0 ... 0 0 0],1.0,-0.00630983997625667,0.9440120268128477
1778,drugbank,AMIDO PHENYL PYRUVIC ACID,[0 0 0 ... 0 0 0],1.0,-0.00016994152477223246,0.9440120268128477
1525,drugbank,CRA_17693,[0 1 0 ... 0 0 0],1.0,0.009386890182862317,0.9440120268128477
5243,drugbank,2-(2-METHYLPHENYL)-1H-INDOLE-6-CARBOXIMIDAMIDE,[0 0 0 ... 0 0 0],1.0,0.009558697169771424,0.9440120268128477
2011,drugbank,[4-({[5-BENZYLOXY-1-(3-CARBAMIMIDOYL-BENZYL)-1H-INDOLE-2-CARBONYL]-AMINO}-METHYL)-PHENYL]-TRIMETHYL-AMMONIUM,[0 0 0 ... 0 0 0],1.0,0.017515586427778285,0.9440120268128477
11894,broad,ATN-161,[0 1 0 ... 0 0 0],1.0,0.03174281341593166,0.9440120268128477
5185,drugbank,N-CYCLOOCTYLGLYCYL-N-(4-CARBAMIMIDOYLBENZYL)-L-PROLINAMIDE,[0 0 1 ... 0 0 0],1.0,0.03249320999515559,0.9440120268128477
5181,drugbank,N-CYCLOHEPTYLGLYCYL-N-(4-CARBAMIMIDOYLBENZYL)-L-PROLINAMIDE,[0 0 1 ... 0 0 0],1.0,0.03249320999515559,0.9440120268128477
5178,drugbank,(S)-N-(4-CARBAMIMIDOYLBENZYL)-1-(2-(CYCLOHEXYLAMINO)ETHANOYL)PYRROLIDINE-2-CARBOXAMIDE,[0 0 1 ... 0 0 0],1.0,0.03249320999515559,0.9440120268128477
5174,drugbank,(S)-N-(4-CARBAMIMIDOYLBENZYL)-1-(2-(CYCLOPENTYLAMINO)ETHANOYL)PYRROLIDINE-2-CARBOXAMIDE,[0 0 0 ... 0 0 0],1.0,0.03455260775516811,0.9440120268128477
1607,drugbank,AP-22408,[0 1 1 ... 0 0 0],1.0,0.03684749042087432,0.9440120268128477
833,drugbank,NETILMICIN,[0 0 0 ... 0 0 0],1.0,0.04042018565534822,0.9440120268128477
10296,drugbank,RETAGLIPTIN,[0 1 0 ... 0 0 0],1.0,0.044508813675966374,0.9440120268128477
5267,drugbank,N-(4-CARBAMIMIDOYLBENZYL)-1-(3-PHENYLPROPANOYL)-L-PROLINAMIDE,[0 0 0 ... 0 0 0],1.0,0.04634082757458069,0.9440120268128477
4341,drugbank,1-GUANIDINO-4-(N-NITRO-BENZOYLAMINO-L-LEUCYL-L-PROLYLAMINO)BUTANE,[0 1 0 ... 0 0 0],1.0,0.06507872635693623,0.9440120268128477
8847,drugbank,FURAPREVIR,[0 1 1 ... 0 0 0],1.0,0.09889367967153828,0.9440120268128477
7019,drugbank,[N-(BENZYLOXYCARBONYL)AMINO](4-AMIDINOPHENYL)METHANE-PHOSPHONATE,[0 1 0 ... 0 0 0],1.0,0.14446403699033938,0.9440120268128477
6094,drugbank,"(3ASR,4RS,8ASR,8BRS)-4-(2-(4-FLUOROBENZYL)-1,3-DIOXODEACAHYDROPYRROLO[3,4-A] PYRROLIZIN-4-YL)BENZAMIDINE",[0 0 0 ... 0 0 0],1.0,0.1489490527419597,0.9440120268128477
2194,drugbank,2-(2-HYDROXY-PHENYL)-1H-INDOLE-5-CARBOXAMIDINE,[0 0 0 ... 0 0 0],1.0,0.15435725718207216,0.9440120268128477
5261,drugbank,N-(4-CARBAMIMIDOYLBENZYL)-1-(4-METHYLPENTANOYL)-L-PROLINAMIDE,[0 1 0 ... 0 0 0],1.0,0.15585340094755606,0.9440120268128477
9018,drugbank,PCI-27483,[0 1 0 ... 0 0 0],1.0,0.158559154530991,0.9440120268128477
5534,drugbank,N-(7-CARBAMIMIDOYL-NAPHTHALEN-1-YL)-3-HYDROXY-2-METHYL-BENZAMIDE,[0 0 0 ... 0 0 0],1.0,0.16422680840616732,0.9440120268128477
5183,drugbank,6-FLUORO-2-[2-HYDROXY-3-(2-METHYL-CYCLOHEXYLOXY)-PHENYL]-1H-INDOLE-5-CARBOXAMIDINE,[0 0 0 ... 0 0 0],1.0,0.18198551678583508,0.9440120268128477
8185,drugbank,TAK-448,[0 1 0 ... 0 0 0],1.0,0.18397385356431672,0.9440120268128477
208,drugbank,CAPREOMYCIN,[0 1 0 ... 0 0 0],1.0,0.18545944413926008,0.9440120268128477
17500,broad,OCTREOTIDE,[0 1 0 ... 0 0 0],1.0,0.1857494954917831,0.9440120268128477
621,drugbank,PENTAMIDINE,[0 0 0 ... 0 0 0],1.0,0.18954630106184367,0.9440120268128477
3438,drugbank,HEXAMIDINE,[0 0 0 ... 0 0 0],1.0,0.18954630106184367,0.9440120268128477
2166,drugbank,RU90395,[0 1 0 ... 0 0 0],1.0,0.1969126828160641,0.9440120268128477
10727,drugbank,RAVIDASVIR,[0 1 0 ... 0 0 0],1.0,0.20236406216575742,0.9440120268128477
9963,drugbank,PALMITOYL TETRAPEPTIDE-7,[0 1 0 ... 0 0 0],1.0,0.21468300797130602,0.9440120268128477
12122,broad,BAY-87-2243,[0 0 0 ... 0 0 0],1.0,0.21982307183478,0.9440120268128477
10824,reframe,LB-30870,[0 1 0 ... 0 0 0],1.0,0.23101363577046463,0.9440120268128477
5937,drugbank,"N-((1R,2S)-2-(5-CHLORO-1H-INDOLE-2-CARBOXAMIDO)CYCLOHEXYL)-5-METHYL-4,5,6,7-TETRAHYDROTHIAZOLO[5,4-C]PYRIDINE-2-CARBOXAMIDE",[0 0 0 ... 0 0 0],1.0,0.2568468602136891,0.9440120268128477
5170,drugbank,"[(2R)-1-[(2S)-2-[[(2S,3S)-1-CHLORO-6-(DIAMINOMETHYLIDENEAMINO)-2-HYDROXYHEXAN-3-YL]CARBAMOYL]PYRROLIDIN-1-YL]-1-OXO-3-PHENYLPROPAN-2-YL]AZANIUM",[0 1 0 ... 0 0 0],1.0,0.2677902393738847,0.9440120268128477
6986,drugbank,3-FLUORO-5-MORPHOLIN-4-YL-N-[1-(2-PYRIDIN-4-YLETHYL)-1H-INDOL-6-YL]BENZAMIDE,[0 0 0 ... 0 0 0],1.0,0.2858826208830092,0.9440120268128477
10831,reframe,EFEGATRAN,[0 1 0 ... 0 0 0],1.0,0.2900224350416776,0.9440120268128477
4614,drugbank,ABT-510,[0 1 0 ... 0 0 0],1.0,0.2904713702661985,0.9440120268128477
10844,reframe,LAMIFIBAN,[0 1 0 ... 0 0 0],1.0,0.2927980229991749,0.9440120268128477
8621,drugbank,ATECEGATRAN METOXIL,[0 1 0 ... 0 0 0],1.0,0.2961190355590049,0.9440120268128477
8684,drugbank,OZARELIX,[0 1 0 ... 0 0 0],1.0,0.29805439080111307,0.9440120268128477
15204,broad,GSK1904529A,[0 0 0 ... 0 0 0],1.0,0.30380400928209017,0.9440120268128477
10837,reframe,XEMILOFIBAN,[0 1 0 ... 0 0 0],1.0,0.31370982429116157,0.9440120268128477
4432,drugbank,LEFRADAFIBAN,[0 1 0 ... 0 0 0],1.0,0.3171429626192539,0.9440120268128477
10830,reframe,UK-156406,[0 1 0 ... 0 0 0],1.0,0.3488523956927789,0.9440120268128477
2091,drugbank,4-{[1-METHYL-5-(2-METHYL-BENZOIMIDAZOL-1-YLMETHYL)-1H-BENZOIMIDAZOL-2-YLMETHYL]-AMINO}-BENZAMIDINE,[0 0 0 ... 0 0 0],1.0,0.3537069114792726,0.9440120268128477
6471,drugbank,2-(2-METHYLPHENYL)-1H-INDOLE-5-CARBOXIMIDAMIDE,[0 0 0 ... 0 0 0],1.0,0.35921743416712504,0.9440120268128477
1521,drugbank,"NALPHA-(2-NAPHTHYLSULFONYLGLYCYL)-3-AMIDINO-D,L-PHENYLALANINE-ISOPROPYLESTER",[0 1 0 ... 0 0 0],1.0,0.36726016283760465,0.9440120268128477
13787,broad,DELIVERT,[0 1 0 ... 0 0 0],1.0,0.37980131847466425,0.9440120268128477
4517,drugbank,ULARITIDE,[0 1 0 ... 0 0 0],1.0,0.41703462775123,0.9440120268128477
2851,drugbank,CRA_10433,[0 0 0 ... 0 0 0],1.0,0.42790427781548757,0.9440120268128477
13015,broad,CEPHRADINE,[0 1 0 ... 0 0 0],1.0,0.43640292783600043,0.9440120268128477
2280,drugbank,SP4160,[0 1 0 ... 0 0 0],1.0,0.46388738153395237,0.9440120268128477
10227,drugbank,MUREPAVADIN,[0 1 0 ... 0 0 0],1.0,0.4852756004973455,0.9440120268128477
13929,broad,DIFLUPREDNATE,[0 0 0 ... 0 0 0],1.0,0.4859588567615405,0.9440120268128477
12469,broad,BORTEZOMIB,[0 1 0 ... 0 0 0],1.0,0.4927950228170246,0.9440120268128477
5827,drugbank,"3-(2-AMINOQUINAZOLIN-6-YL)-1-(3,3-DIMETHYLINDOLIN-6-YL)-4-METHYLPYRIDIN-2(1H)-ONE",[0 0 0 ... 0 0 0],1.0,0.5064492270068939,0.9440120268128477
5248,drugbank,2-(3-METHYLPHENYL)-1H-INDOLE-5-CARBOXIMIDAMIDE,[0 0 0 ... 0 0 0],1.0,0.5188376677230766,0.9440120268128477
4342,drugbank,1-GUANIDINO-4-(N-PHENYLMETHANESULFONYL-L-LEUCYL-L-PROLYLAMINO)BUTANE,[0 1 0 ... 0 0 0],1.0,0.5195934052736877,0.9440120268128477
5550,drugbank,"3-{5-[AMINO(IMINIO)METHYL]-1H-INDOL-2-YL}-5-METHOXY-1,1'-BIPHENYL-2-OLATE",[0 0 0 ... 0 0 0],1.0,0.5316547204602644,0.9440120268128477
5478,drugbank,"(3R)-4-[(3R)-3-AMINO-4-(2,4,5-TRIFLUOROPHENYL)BUTANOYL]-3-METHYL-1,4-DIAZEPAN-2-ONE",[0 1 0 ... 0 0 0],1.0,0.5323700685992769,0.9440120268128477
9811,drugbank,NETARSUDIL,[0 1 0 ... 0 0 0],1.0,0.5329117147383637,0.9440120268128477
4986,drugbank,PAZOPANIB,[0 0 0 ... 0 0 0],1.0,0.5655967235425339,0.9440120268128477
6431,drugbank,"5-CHLORO-THIOPHENE-2-CARBOXYLIC ACID ((3S,4S)-4-FLUORO- 1-{[2-FLUORO-4-(2-OXO-2H-PYRIDIN-1-YL)-PHENYLCARBAMOYL]-METHYL}-PYRROLIDIN-3-YL)-AMIDE",[0 0 0 ... 0 0 0],1.0,0.5775979253696975,0.9440120268128477
1139,drugbank,PRAMLINTIDE,[0 1 0 ... 0 0 0],1.0,0.605743650631015,0.9440120268128477
6097,drugbank,N-(2-(((5-CHLORO-2-PYRIDINYL)AMINO)SULFONYL)PHENYL)-4-(2-OXO-1(2H)-PYRIDINYL)BENZAMIDE,[0 0 0 ... 0 0 0],1.0,0.6085041587508628,0.9440120268128477
5329,drugbank,D-PHENYLALANYL-N-{4-[AMINO(IMINIO)METHYL]BENZYL}-L-PROLINAMIDE,[0 1 0 ... 0 0 0],1.0,0.6413486010170717,0.9440120268128477
18839,broad,RIVAROXABAN,[0 0 0 ... 0 0 0],1.0,0.6501427459373219,0.9440120268128477
3845,drugbank,N-ALPHA-(2-NAPHTHYLSULFONYL)-N-(3-AMIDINO-L-PHENYLALANINYL)-D-PIPECOLINIC ACID,[0 1 0 ... 0 0 0],1.0,0.6691114555377848,0.9440120268128477
14565,broad,ETOPOSIDE,[0 0 0 ... 0 0 0],1.0,0.6696704782704221,0.9440120268128477
10841,reframe,UNKNOWN0,[0 1 0 ... 0 0 0],1.0,0.6866892453671063,0.9440120268128477
2837,drugbank,CRA_8696,[0 0 0 ... 0 0 0],1.0,0.7150081165585804,0.9440120268128477
8021,drugbank,NRX-1074,[0 1 0 ... 0 0 0],1.0,0.7322908413254043,0.9440120268128477
11724,broad,AP1903,[0 1 0 ... 0 0 0],1.0,0.7323676622206683,0.9440120268128477
4500,drugbank,RIMIDUCID,[0 1 0 ... 0 0 0],1.0,0.7323676622206683,0.9440120268128477
10577,drugbank,PL-3994,[0 1 0 ... 0 0 0],1.0,0.7890148638091488,0.9440120268128477
14364,broad,EPEREZOLID,[0 0 0 ... 0 0 0],1.0,0.7927099957564423,0.9440120268128477
10818,reframe,NOKXABAN,[0 0 0 ... 0 0 0],1.0,0.7999811633318743,0.9440120268128477
3494,drugbank,6-CHLORO-2-(2-HYDROXY-BIPHENYL-3-YL)-1H-INDOLE-5-CARBOXAMIDINE,[0 0 0 ... 0 0 0],1.0,0.8122557853808974,0.9440120268128477
10787,reframe,FIDEXABAN,[0 0 0 ... 0 0 0],1.0,0.8226209090374519,0.9440120268128477
10605,drugbank,DANICOPAN,[0 0 0 ... 0 0 0],1.0,0.8332836847015603,0.9440120268128477
17638,broad,OTS167,[0 0 0 ... 0 1 0],1.0,0.8523247928881672,0.9440120268128477
15839,broad,JTE-607,[0 1 0 ... 1 0 0],1.0,0.8532477617166507,0.9440120268128477
10865,reframe,R-142086,[0 0 0 ... 0 0 0],1.0,0.8599910333077057,0.9440120268128477
10839,reframe,SDZ-GPI-562,[0 1 0 ... 0 0 0],1.0,0.8667087908307358,0.9440120268128477
19956,broad,TENIPOSIDE,[0 0 0 ... 0 0 0],1.0,0.8822047133701019,0.9440120268128477
10241,drugbank,AMY-101,[0 1 0 ... 0 0 0],1.0,0.8843526897166003,0.9440120268128477
10866,reframe,TAK-029,[0 0 0 ... 0 0 0],1.0,0.918724965527312,0.9440120268128477
4184,drugbank,2-[2-ETHANESULFONYLAMINO-3-(5-PROPOXY-1H-INDOL-3-YL)-PROPIONYLAMINO]-PENTANEDIOIC ACID 5-AMIDE 1-(4-CARBAMIMIDOYL-BENZYLAMIDE),[0 1 0 ... 0 0 0],1.0,0.9189756942066616,0.9440120268128477
3873,drugbank,CYCLOTHEONAMIDE A,[0 0 0 ... 0 0 0],1.0,0.9414513965517901,0.9440120268128477
2733,drugbank,7-METHOXY-8-[1-(METHYLSULFONYL)-1H-PYRAZOL-4-YL]NAPHTHALENE-2-CARBOXIMIDAMIDE,[0 1 0 ... 0 0 0],1.0,0.9708778601177845,0.9440120268128477
4246,drugbank,4-[(5-CHLOROINDOL-2-YL)SULFONYL]-2-(2-METHYLPROPYL)-1-[[5-(PYRIDIN-4-YL)PYRIMIDIN-2-YL]CARBONYL]PIPERAZINE,[0 1 0 ... 0 0 0],1.0,1.0062017854297647,0.9440120268128477
12720,broad,CANDICIDIN,[0 1 0 ... 0 0 0],1.0,1.0144977294235218,0.9440120268128477
8073,drugbank,ANGIOTENSIN II,[0 1 0 ... 0 0 0],1.0,1.0245003481221442,0.9440120268128477
13030,broad,CETRORELIX,[0 1 0 ... 0 0 0],1.0,1.0268305504695803,0.9440120268128477
20895,broad,YM-244769,[0 0 0 ... 0 0 0],1.0,1.0426590274131944,0.9440120268128477
8430,drugbank,VIDUPIPRANT,[0 0 0 ... 0 0 0],1.0,1.0638427133411323,0.9440120268128477
10872,reframe,TAK-024,[0 0 0 ... 0 0 0],1.0,1.0672543861238781,0.9440120268128477
19735,broad,T-5224,[0 0 0 ... 0 0 0],1.0,1.069283694785756,0.9440120268128477
6081,drugbank,1-((1R)-1-(HYDROXYMETHYL)-3-{6-[(3-PHENYLPROPANOYL)AMINO]-1H-INDOL-1-YL}PROPYL)-1H-IMIDAZOLE-4-CARBOXAMIDE,[0 1 1 ... 0 0 0],1.0,1.0893745522334313,0.9440120268128477
5122,drugbank,GANIRELIX,[0 1 0 ... 0 0 0],1.0,1.0900396147570652,0.9440120268128477
4676,drugbank,LARAZOTIDE,[0 1 0 ... 0 0 0],1.0,1.1008378596591994,0.9440120268128477
1869,drugbank,ZK-806450,[0 0 0 ... 0 0 0],1.0,1.1136395560998442,0.9440120268128477
2529,drugbank,FR236913,[0 1 1 ... 0 0 0],1.0,1.114297899787368,0.9440120268128477
10244,drugbank,AVEXITIDE,[0 1 0 ... 0 0 0],1.0,1.1193996440872176,0.9440120268128477
10763,reframe,RAZAXABAN ,[0 0 0 ... 0 0 0],1.0,1.1224074243758781,0.9440120268128477
3823,drugbank,CRA_9076,[0 0 0 ... 0 0 0],1.0,1.128137261610125,0.9440120268128477
6462,drugbank,"5-CHLORO-N-((1R,2S)-2-(4-(2-OXOPYRIDIN-1(2H)-YL)BENZAMIDO) CYCLOPENTYL)THIOPHENE-2-CARBOXAMIDE",[0 0 0 ... 0 0 0],1.0,1.1414396855564932,0.9440120268128477
1143,drugbank,TETRACOSACTIDE,[0 1 0 ... 0 0 0],1.0,1.142733855443167,0.9440120268128477
10141,drugbank,METHYLPREDNISOLONE HEMISUCCINATE,[0 0 0 ... 0 0 0],1.0,1.1480269230636615,0.9440120268128477
19872,broad,TC-OT-39,[0 0 0 ... 0 0 0],1.0,1.164330727705716,0.9440120268128477
11765,broad,AR-12,[0 0 0 ... 0 0 0],1.0,1.180391421844871,0.9440120268128477
4938,drugbank,FRADAFIBAN,[0 0 0 ... 0 0 0],1.0,1.1869988984937263,0.9440120268128477
10842,reframe,CARAFIBAN,[0 1 0 ... 0 0 0],1.0,1.1956782567026358,0.9440120268128477
7262,drugbank,CORTICORELIN OVINE TRIFLUTATE,[0 1 0 ... 0 0 0],1.0,1.209756705308309,0.9440120268128477
12311,broad,BIBN4096,[0 1 0 ... 0 0 0],1.0,1.217089715726816,0.9440120268128477
4438,drugbank,OLCEGEPANT,[0 1 0 ... 0 0 0],1.0,1.217089715726816,0.9440120268128477
4694,drugbank,ALPHA-CONOTOXIN VC 1.1,[0 1 0 ... 0 0 0],1.0,1.2242349983518144,0.9440120268128477
10845,reframe,SC 52012,[0 1 0 ... 0 0 0],1.0,1.2342963192786887,0.9440120268128477
10743,drugbank,LENACAPAVIR,[0 1 0 ... 0 0 0],1.0,1.2426829276465832,0.9440120268128477
2233,drugbank,N-(R-CARBOXY-ETHYL)-ALPHA-(S)-(2-PHENYLETHYL),[0 0 0 ... 0 0 0],1.0,1.2588276435151682,0.9440120268128477
15154,broad,GR-144053,[0 0 0 ... 0 0 0],1.0,1.2692512147932995,0.9440120268128477
4142,drugbank,CRA_9678,[0 0 0 ... 0 0 0],1.0,1.29116199584756,0.9440120268128477
7785,drugbank,PROSTALENE,[0 0 0 ... 0 0 0],1.0,1.2933367996492284,0.9440120268128477
10485,drugbank,25-DESACETYLRIFAPENTINE,[0 0 0 ... 1 0 0],1.0,1.2951731783783769,0.9440120268128477
6167,drugbank,5-CHLORO-N-[(3R)-1-(2-{[2-FLUORO-4-(2-OXOPYRIDIN-1(2H)-YL)PHENYL]AMINO}-2-OXOETHYL)PYRROLIDIN-3-YL]THIOPHENE-2-CARBOXAMIDE,[0 0 0 ... 0 0 0],1.0,1.3063616950804973,0.9440120268128477
10786,reframe,YM-75466,[0 0 0 ... 0 0 0],1.0,1.3360501863860794,0.9440120268128477
6461,drugbank,5-CHLORO-N-(2-(4-(2-OXOPYRIDIN-1(2H)-YL)BENZAMIDO)ETHYL)THIOPHENE-2-CARBOXAMIDE,[0 0 0 ... 0 0 0],1.0,1.3415216052392955,0.9440120268128477
10471,drugbank,MIBENRATIDE,[0 1 0 ... 0 0 0],1.0,1.341619425369913,0.9440120268128477
17555,broad,OMBITASVIR,[0 1 0 ... 0 0 0],1.0,1.3478635291853192,0.9440120268128477
13667,broad,DABIGATRAN,[0 0 0 ... 0 0 0],1.0,1.362876624754353,0.9440120268128477
7395,drugbank,POLAPREZINC,[0 1 0 ... 0 0 0],1.0,1.3804748350891203,0.9440120268128477
16680,broad,METHYLPREDNISOLONE-SODIUM-SUCCINATE,[0 0 0 ... 0 0 0],1.0,1.3821448260720108,0.9440120268128477
10867,reframe,"VLA-4 ANTAGONISTS, AVENTIS",[0 1 0 ... 0 0 0],1.0,1.406370651612878,0.9440120268128477
10819,reframe,TANOGITRAN,[0 0 0 ... 0 0 0],1.0,1.4334639924289239,0.9440120268128477
11824,broad,AS-2444697,[0 0 0 ... 0 0 0],1.0,1.4403895551514443,0.9440120268128477
3588,drugbank,CLOROBIOCIN,[0 0 0 ... 0 0 0],1.0,1.4634929578476246,0.9440120268128477
3043,drugbank,ZK-806711,[0 0 0 ... 0 0 0],1.0,1.4696363320285697,0.9440120268128477
11,drugbank,ABARELIX,[0 1 0 ... 0 0 0],1.0,1.4729244118813767,0.9440120268128477
11530,broad,AMG-925,[0 0 0 ... 0 0 0],1.0,1.4743512137807027,0.9440120268128477
8181,drugbank,BURIXAFOR,[0 0 1 ... 0 0 0],1.0,1.4885565546203432,0.9440120268128477
3350,drugbank,RU85053,[0 1 0 ... 0 0 0],1.0,1.4924575891661707,0.9440120268128477
3949,drugbank,ARGADIN,[0 0 0 ... 0 0 0],1.0,1.4935308130256428,0.9440120268128477
9781,drugbank,FLUTICASONE,[0 0 0 ... 0 0 0],1.0,1.503525302823218,0.9440120268128477
8762,drugbank,RELAMORELIN,[0 1 0 ... 0 0 0],1.0,1.5425411945968939,0.9440120268128477
2304,drugbank,"N(2)-CARBAMIMIDOYL-N-{2-[4-(3-{4-[(5-CARBOXYFURAN-2-YL)METHOXY]-2,3-DICHLOROPHENYL}-1-METHYL-1H-PYRAZOL-5-YL)PIPERIDIN-1-YL]-2-OXOETHYL}-D-LEUCINAMIDE",[0 1 0 ... 0 0 0],1.0,1.5440329963706139,0.9440120268128477
10856,reframe,T-250,[0 1 0 ... 0 0 0],1.0,1.5633379403453003,0.9440120268128477
10659,drugbank,EDOTREOTIDE GALLIUM GA-68,[0 1 0 ... 0 0 0],1.0,1.565831385850936,0.9440120268128477
5164,drugbank,(2S)-2-[3-(AMINOMETHYL)PHENYL]-3-{(S)-HYDROXY[(1R)-2-METHYL-1-{[(2-PHENYLETHYL)SULFONYL]AMINO}PROPYL]PHOSPHORYL}PROPANOIC ACID,[0 1 0 ... 0 0 0],1.0,1.6254769100510893,0.9440120268128477
2495,drugbank,"(2S)-2-({4-[(2S)-1-(2-AMINO-4-OXO-1,4-DIHYDRO-6-QUINAZOLINYL)-3-{[2-({(2R,3R,4S,5R)-3,4-DIHYDROXY-5-[(PHOSPHONOOXY)METHYL]TETRAHYDRO-2-FURANYL}AMINO)-2-OXOETHYL]AMINO}-2-HYDROXY-2-PROPANYL]BENZOYL}AMI NO)PENTANEDIOIC ACID",[0 1 0 ... 0 0 0],1.0,1.6408197645851346,0.9440120268128477
15207,broad,GSK2190915,[0 0 0 ... 0 0 0],1.0,1.6505223312379143,0.9440120268128477
4885,drugbank,FIBOFLAPON,[0 0 0 ... 0 0 0],1.0,1.6505223312379174,0.9440120268128477
230,drugbank,PIMECROLIMUS,[0 0 0 ... 0 0 0],1.0,1.659319935948533,0.9440120268128477
9021,drugbank,CORTIVAZOL,[0 0 0 ... 0 0 0],1.0,1.6642824373318585,0.9440120268128477
3198,drugbank,"N-({4-[(1R)-4-[(2R,4S,5S)-2,4-DIAMINO-6-OXOHEXAHYDROPYRIMIDIN-5-YL]-1-(2,2,2-TRIFLUORO-1,1-DIHYDROXYETHYL)BUTYL]PHENYL}CARBONYL)-L-GLUTAMIC ACID",[0 1 0 ... 0 0 0],1.0,1.6734068166856246,0.9440120268128477
10369,drugbank,TAK-243,[0 0 0 ... 0 0 0],1.0,1.7420276235410694,0.9440120268128477
12379,broad,BIVALIRUDIN,[0 1 0 ... 0 0 0],1.0,1.7546620943259261,0.9440120268128477
19870,broad,TC-NTR1-17,[0 1 0 ... 0 0 0],1.0,1.770680296334554,0.9440120268128477
4669,drugbank,TEVERELIX,[0 1 0 ... 0 0 0],1.0,1.798390466537014,0.9440120268128477
10454,drugbank,ALBUVIRTIDE,[0 1 0 ... 0 0 0],1.0,1.8008366108348517,0.9440120268128477
5045,drugbank,DABIGATRAN ETEXILATE,[0 0 0 ... 0 0 0],1.0,1.8183881047040853,0.9440120268128477
13668,broad,DABIGATRAN-ETEXILATE,[0 0 0 ... 0 0 0],1.0,1.8183881047040853,0.9440120268128477
10836,reframe,RO-43-5054,[0 1 0 ... 0 0 0],1.0,1.8370685491858014,0.9440120268128477
2765,drugbank,"[N-[N-(4-METHOXY-2,3,6-TRIMETHYLPHENYLSULFONYL)-L-ASPARTYL]-D-(4-AMIDINO-PHENYLALANYL)]-PIPERIDINE",[0 1 1 ... 0 0 0],1.0,1.8397654241952999,0.9440120268128477
3721,drugbank,[(1-{2[(4-CARBAMIMIDOYL-PHENYLAMINO)-METHYL]-1-METHYL-1H-BENZOIMIDAZOL-5-YL}-CYCLOPROPYL)-PYRIDIN-2-YL-METHYLENEAMINOOXY]-ACETIC ACID ETHYL ESTER,[0 0 0 ... 0 0 0],1.0,1.8480434027731285,0.9440120268128477
7430,drugbank,LIXISENATIDE,[0 1 0 ... 0 0 0],1.0,1.8556041604415074,0.9440120268128477
4541,drugbank,AMINOCANDIN,[0 1 0 ... 0 0 0],1.0,1.861489580011347,0.9440120268128477
12433,broad,BMS-777607,[0 0 0 ... 0 0 0],1.0,1.9181590789048932,0.9440120268128477
5049,drugbank,DEGARELIX,[0 1 0 ... 0 0 0],1.0,1.9233160959918132,0.9440120268128477
14610,broad,EXENATIDE,[0 1 0 ... 0 0 0],1.0,1.9722418468622467,0.9440120268128477
10864,reframe,FR-158999,[0 1 0 ... 0 0 0],1.0,2.004493145348068,0.9440120268128477
6517,drugbank,"[5-(5-AMINO-1H-PYRROLO[3,2-B]PYRIDIN-2-YL)-6-HYDROXY-3'-NITRO-3-BIPHENYLYL]ACETIC ACID",[0 0 0 ... 0 0 0],1.0,2.0090313713662127,0.9440120268128477
5568,drugbank,"[2'-HYDROXY-3'-(1H-PYRROLO[3,2-C]PYRIDIN-2-YL)-BIPHENYL-3-YLMETHYL]-UREA",[0 0 0 ... 0 0 0],1.0,2.012828922947187,0.9440120268128477
11688,broad,ANIDULAFUNGIN,[0 1 0 ... 0 0 0],1.0,2.0389950451268106,0.9440120268128477
11602,broad,AMMONIUM-GLYCYRRHIZINATE,[0 0 0 ... 0 0 0],1.0,2.12973860714653,0.9440120268128477
8126,drugbank,ACYLINE,[0 1 0 ... 0 0 0],1.0,2.140136055519627,0.9440120268128477
4521,drugbank,OBINEPITIDE,[0 1 0 ... 0 0 0],1.0,2.347492665651881,0.9440120268128477
8000,drugbank,PEVONEDISTAT,[0 0 0 ... 0 0 0],1.0,2.3644091192261527,0.9440120268128477
15014,broad,GDC-0068,[0 1 0 ... 0 0 0],1.0,2.368930030096024,0.9440120268128477
17370,broad,NOVOBIOCIN,[0 0 0 ... 0 0 0],1.0,2.376874482725232,0.9440120268128477
4928,drugbank,MECLINERTANT,[0 0 0 ... 0 0 0],1.0,2.423869035804225,0.9440120268128477
7988,drugbank,IPATASERTIB,[0 1 0 ... 0 0 0],1.0,2.440315194690254,0.9440120268128477
19175,broad,SB-772077B,[0 0 0 ... 0 0 0],1.0,2.444357581382307,0.9440120268128477
8509,drugbank,OGLEMILAST,[0 1 0 ... 0 0 0],1.0,2.467423550853373,0.9440120268128477
7819,drugbank,AMPHOMYCIN,[0 1 0 ... 0 0 0],1.0,2.5299753013526196,0.9440120268128477
7970,drugbank,ANGIOTENSIN 1-7,[0 1 0 ... 0 0 0],1.0,2.544947032188653,0.9440120268128477
4947,drugbank,APLAVIROC,[0 1 1 ... 0 0 0],1.0,2.6141482895951373,0.9440120268128477
10714,drugbank,ZILUCOPLAN,[0 1 1 ... 0 0 0],1.0,2.6723234700427883,0.9440120268128477
8760,drugbank,MODUFOLIN,[0 1 0 ... 0 0 0],1.0,2.8391911939025976,0.9440120268128477
10260,drugbank,RIPRETINIB,[0 0 0 ... 0 0 0],1.0,2.8520660217407956,0.9440120268128477
8335,drugbank,ITACITINIB,[0 0 0 ... 0 0 0],1.0,2.9870640664576387,0.9440120268128477
8722,drugbank,ACLERASTIDE,[0 1 0 ... 0 0 0],1.0,3.422693407485828,0.9440120268128477
11208,broad,ACALABRUTINIB,[0 0 0 ... 0 0 0],1.0,3.493643203232484,0.9440120268128477
10493,drugbank,TIRABRUTINIB,[0 0 0 ... 0 0 0],1.0,3.639201962244057,0.9440120268128477
10746,reframe,CU-2010,[0 1 0 ... 0 0 0],1.0,3.754196629453981,0.9440120268128477
10387,drugbank,LY-2881835,[0 1 0 ... 0 0 0],1.0,3.8595250021590495,0.9440120268128477
10316,drugbank,COBOMARSEN,[0 0 0 ... 0 0 0],1.0,4.7500488499176345,0.9440120268128477
10590,drugbank,TOZULERISTIDE,[0 1 0 ... 0 0 0],1.0,5.754311406311133,0.9440120268128477
10303,drugbank,IMETELSTAT,[0 1 0 ... 0 0 0],1.0,6.530185514609288,0.9440120268128477
